sample,question,ground_truth,raw_prediction,prediction,correct,question_type
1,"In the western section of the neighborhood, has a tree been planted at the front corner of a residential lot near the curved street?",Yes,Yes,yes,True,Yes/No
2,"In the northeast section of the property, what change occurred to the building located there?  **A)** It was replaced by a larger, rectangular structure with a different orientation. **B)** It was demolished to create a new gravel parking area. **C)** It remained exactly the same, while new buildings were constructed around it. **D)** It was expanded and connected to the building immediately to its south.",A,A,a,True,Multiple Choice
3,"Regarding the front yard of the property located at the northeastern curve of the cul-de-sac, what change can be observed between the two images?  **A)** A tree has been removed. **B)** A tree has been planted. **C)** A fence has been built around a tree. **D)** The tree has been replaced by a paved walkway.",B,B,b,True,Multiple Choice
4,What change is visible to the unpaved road located on the left side of the image?  **A)** It was paved into a finished road. **B)** It was expanded and covered with more sand. **C)** It was replaced by a row of houses. **D)** It was abandoned and reclaimed by natural vegetation.,A,A,a,True,Multiple Choice
5,"Considering the overall configuration and layout across the two temporal captures, which of the following best characterizes the relationship between the scenes?  **A)** Significant global alteration and structural reconfiguration **B)** High degree of visual parity and scene consistency **C)** Moderate temporal deviation and layout variance **D)** Pronounced shift in spatial coherence and distribution",B),B,b,True,Multiple Choice
6,"On the eastern side of the street near the end of the cul-de-sac, what change has occurred to the undeveloped plot of land?  **A)** The lot was paved over to create a parking area. **B)** A new residential building was constructed. **C)** The existing structure was demolished to create open space. **D)** A community playground was installed.",B,A,a,False,Multiple Choice
7,Has the small pool of water in the southwest section of the image become noticeably darker and more clearly defined?,Yes,Yes,yes,True,Yes/No
8,"In the bottom-left corner of the neighborhood at the street intersection, what change can be observed regarding the sidewalk?  **A)** It has been demolished. **B)** A new section of sidewalk has been constructed. **C)** The sidewalk has been repaved with asphalt. **D)** The sidewalk has been narrowed.",B,B,b,True,Multiple Choice
9,"Has a new rectangular building with a light-colored roof been constructed in the western portion of the site, situated at the northern end of a newly added row of structures adjacent to the parking lot?",Yes,Yes,yes,True,Yes/No
10,What change is observed in the curved path that connects the northern parking lot to the main diagonal road?  **A)** It was paved. **B)** It was demolished. **C)** It was significantly widened. **D)** It was relocated further west.,A,A,a,True,Multiple Choice
11,"Looking at the top right section of the images, what change occurred to the unpaved dirt trail area?  **A)** It was converted into a densely forested area. **B)** It was paved and developed into a road and parking infrastructure. **C)** It was excavated to create a deep drainage ditch. **D)** It remained unchanged while the surrounding area was cleared.",B,B,b,True,Multiple Choice
12,"Has a network of paved roads been constructed across the center and western portions of the area, replacing what was previously an open field and farm structures?",Yes,Yes,yes,True,Yes/No
13,What change has occurred to the sidewalk segment located along the curve of the street in the center-left portion of the neighborhood?  **A)** It was recently constructed. **B)** It was demolished. **C)** It was widened for a bike lane. **D)** It was repaved with a darker material.,B,A,a,False,Multiple Choice
14,Has a newly constructed sidewalk been added along the perimeter of the cul-de-sac on the western side of the image?,Yes,Yes,yes,True,Yes/No
15,"Has the light-colored building located on the western edge of the dense cluster of trees, north of the main road, been demolished?",Yes,Yes,yes,True,Yes/No
16,"Focusing on the front yard of the house located on the western side of the street that runs diagonally from the top-left toward the bottom-right of the images, what change has occurred to the tree in that location?  **A)** A new tree was planted. **B)** The tree was removed. **C)** The tree was relocated to the backyard. **D)** The tree was replaced by a small shed.",A,B,b,False,Multiple Choice
17,"Looking at the lower-right portion of the images, specifically at the site on the southern side of the suburban street, what change has occurred?  **A)** A new house has been built where there was previously undeveloped land. **B)** An existing structure was completely demolished and the site cleared. **C)** A large swimming pool was added to an existing backyard. **D)** The site was cleared of vegetation but left as a vacant dirt lot.",A,D,d,False,Multiple Choice
18,What change can be observed in the sidewalk located along the northern curve of the cul-de-sac in the upper-left portion of the images?  **A)** It was demolished. **B)** It was newly constructed. **C)** It was widened. **D)** It was relocated to the opposite side of the street.,A,C,c,False,Multiple Choice
19,How would you characterize the overall relationship between these two image captures in terms of their visual parity?  **A)** Significant structural reconfiguration is evident across the scene. **B)** The images exhibit a high level of temporal stability and scene consistency. **C)** There is a moderate amount of global alteration between the two frames. **D)** A pronounced level of variance in the overall configuration is observable.,B,B,b,True,Multiple Choice
20,"Looking at the residential neighborhood adjacent to the diagonal road, what change has occurred to the large tree situated in the yard between two houses in the lower-middle portion of the image?  **A)** Its foliage has changed color from green to brown. **B)** It has been cut down or removed. **C)** It has been replaced by a small storage shed. **D)** A new swimming pool was constructed around it.",B,B,b,True,Multiple Choice
21,"What change is visible in the grassy area at the top left of the neighborhood, situated between the sidewalk and the road?  **A)** The small trees have grown significantly. **B)** The trees have been removed and replaced with a paved walkway. **C)** A new fire hydrant was installed in that location. **D)** The trees were cut down, leaving only a patch of grass.",A,A,a,True,Multiple Choice
22,"What change is observed regarding the paved road running diagonally through the center of the area between the first and second images?  **A)** A new paved road was constructed where there was previously natural, wooded terrain. **B)** An old, dilapidated road was completely removed and replaced with a forest. **C)** The existing road was extended into the neighboring field. **D)** A gravel path was upgraded to a four-lane highway.",A,A,a,True,Multiple Choice
23,"In the southeastern section of the area, has a new residential building been constructed at the eastern end of the row of houses?",Yes,Yes,yes,True,Yes/No
24,Has the tree located in the bottom-central portion of the terrain been removed to make way for the construction of a residential driveway in the new housing development?,Yes,Yes,yes,True,Yes/No
25,Has the tree in the front yard of the house located in the lower right quadrant of the residential area significantly grown in size and density?,Yes,Yes,yes,True,Yes/No
26,"Has a concrete sidewalk been constructed at the street corner in the north-central portion of the area, coinciding with the transition from a rural lot to a residential neighborhood?",Yes,Yes,yes,True,Yes/No
27,"Focusing on the northern side of the street in the center of the images, what happened to the segment of sidewalk located between the two residential driveways?  **A)** It was widened. **B)** It was demolished. **C)** It was repaved with asphalt. **D)** It was extended to connect to the neighboring property.",B,B,b,True,Multiple Choice
28,"In the southeastern section of the image, has a new building been constructed on what was previously an open field?",Yes,Yes,yes,True,Yes/No
29,"Focusing on the clearing to the southeast of the building with the green roof, what notable change has occurred between the two images?  **A)** A building was constructed. **B)** A building was demolished. **C)** A new road was paved through the area. **D)** A swimming pool was installed.",A,B,b,False,Multiple Choice
30,"Has the tree in the front yard of the house situated on the southern side of the street, just east of the central cul-de-sac, grown larger and developed a more visible branch structure?",Yes,Yes,yes,True,Yes/No
31,Has a new paved road been constructed running diagonally through the central portion of the area?,Yes,Yes,yes,True,Yes/No
32,"Has a new residential building been constructed in the upper right section of the image, replacing what was previously an area of natural vegetation?",Yes,Yes,yes,True,Yes/No
33,"What change has occurred to the plot of land located in the upper-central area of the images, situated between the curving paths?  **A)** A building was demolished and replaced with a garden. **B)** A new residential building was constructed. **C)** A paved road was redirected through the site. **D)** A swimming pool was excavated in an existing yard.",B,B,b,True,Multiple Choice
34,"Has a new residential building been constructed in the southern section of the image, situated south of the horizontal road and just to the west of where it intersects with the road coming from the north?",Yes,No,no,False,Yes/No
35,"In the top-left corner of the scene, has a new residential building been constructed on what was previously vacant land?",Yes,Yes,yes,True,Yes/No
36,"Has the large green tree located at the southeastern corner of the apartment complex, situated near the intersection of the main road and the side street, been removed?",Yes,Yes,yes,True,Yes/No
37,Has a tree been planted in the front yard of the house located on the eastern side of the curved road in the southern section of the image?,Yes,Yes,yes,True,Yes/No
38,"Considering the natural terrain in the first image, what change occurred to the trees located in the north-central portion of the site?  **A)** They were cleared to accommodate a residential property. **B)** They were relocated to the southern forest area. **C)** They were converted into a public playground. **D)** They were preserved within a new suburban park.",A,A,a,True,Multiple Choice
39,"Has the tree located in the front yard of the house on the western side of the residential street, situated between the street and the driveway, significantly increased in size and foliage?",Yes,Yes,yes,True,Yes/No
40,"In the southwestern portion of the residential area, has a new building been constructed on the previously vacant lot?",Yes,Yes,yes,True,Yes/No
41,What change is observed at the location in the upper-middle portion of the second image where a house is now situated?  **A)** A house was demolished to create open space. **B)** A new residential building was constructed on previously undeveloped land. **C)** An existing structure underwent a major roof replacement. **D)** A large commercial warehouse was converted into smaller residential units.,B,B,b,True,Multiple Choice
42,"Have new houses been constructed on the cleared land in the northwestern part of the residential development, adjacent to the open field?",Yes,Yes,yes,True,Yes/No
43,What change can be observed regarding the paved road along the northern edge of the area?  **A)** It was demolished and replaced with vegetation. **B)** It was newly constructed. **C)** It was significantly widened to include extra lanes. **D)** It was converted from pavement into a dirt track.,B,B,b,True,Multiple Choice
44,"In the northeast corner of the images, what change occurred to the tree located just north of the small white building?  **A)** It was newly planted. **B)** It was demolished. **C)** It was replaced by a large garden. **D)** It was relocated to the southern edge of the property.",B,B,b,True,Multiple Choice
45,"Looking at the area in the lower-right portion of the images, what change is evident between the two time periods?  **A)** A building was demolished. **B)** A new house was constructed. **C)** A parking lot was paved. **D)** Dense forest was planted.",B,B,b,True,Multiple Choice
46,"Looking at the lot on the east side of the road in the middle-left part of the area, how has it changed between the two images?  **A)** A house was built on a previously vacant lot. **B)** A building was demolished and replaced with a park. **C)** The existing house was repainted and the roof color changed. **D)** The lot was cleared of debris and left empty.",A,A,a,True,Multiple Choice
47,"In the southern section of the cul-de-sac, has a segment of the sidewalk been removed or obscured by the growth of vegetation?",Yes,Yes,yes,True,Yes/No
48,Has a new house with a dark roof been constructed on the previously cleared rectangular plot in the southwestern portion of the residential area?,Yes,Yes,yes,True,Yes/No
49,"In the front yard of the second house from the left along the street running horizontally through the lower portion of the image, what change is observed?  **A)** A tree was removed. **B)** A tree was planted. **C)** A fence was built around the yard. **D)** The lawn was paved over.",B,B,b,True,Multiple Choice
50,"Is there a newly constructed building in the top right corner of the image, where there was previously open land?",Yes,Yes,yes,True,Yes/No
51,"Has a new residential house been constructed in the bottom-left corner of the neighborhood, on what was previously an empty patch of land?",Yes,Yes,yes,True,Yes/No
52,"Has a new building been constructed in the bottom-left quadrant of the image, where previously there was only open land?",Yes,Yes,yes,True,Yes/No
53,What change has occurred to the building located at the bottom center of the images?  **A)** It was demolished. **B)** It was newly constructed. **C)** It was expanded with a new wing. **D)** It was converted into a road.,B,B,b,True,Multiple Choice
54,"In the northwestern section of the imagery, what change is visible regarding the sidewalk?  **A)** It was demolished. **B)** It was newly constructed. **C)** It was expanded into a parking lot. **D)** It was replaced by a grass strip.",B,B,b,True,Multiple Choice
55,"When evaluating the overall scene across the two provided temporal states, how would you characterize the level of change?  **A)** High degree of visual parity and stability **B)** Moderate temporal deviation **C)** Significant global alteration **D)** Pronounced structural reconfiguration",A,A,a,True,Multiple Choice
56,What change has occurred to the paved road in the lower-central portion of these images?  **A)** It was demolished. **B)** It was newly constructed. **C)** Its path was rerouted to the north. **D)** It was narrowed to allow for more landscaping.,B),B,b,True,Multiple Choice
57,"Have the trees in the north-central area of the images, located north of the L-shaped building with the greenish-gray roof, been removed and replaced by a paved parking lot?",Yes,Yes,yes,True,Yes/No
58,Has a new concrete sidewalk been constructed around the road corner in the bottom-left section of the area?,Yes,Yes,yes,True,Yes/No
59,"In the western portion of the residential development, near the curving access road, has a new long and narrow white building been constructed on what was previously an empty patch of land?",Yes,Yes,yes,True,Yes/No
60,"In the front yard of the house located on the northern side of the central horizontal road, three houses away from the western intersection, have the small saplings grown into large, mature trees with dense green canopies?",Yes,No,no,False,Yes/No
61,"In the northwest portion of the images, has a building been newly constructed on the plot of land that was previously an empty field adjacent to the curved path?",Yes,Yes,yes,True,Yes/No
62,Has a new residential building been constructed near the center of the image where there was previously only cleared ground?,Yes,Yes,yes,True,Yes/No
63,"Has a new residential building been constructed on the previously vacant lot in the upper central part of the image, situated along the inner side of the curving road?",Yes,Yes,yes,True,Yes/No
64,"Looking at the bottom-left corner of the images, what change occurred to the wooded area?  **A)** The trees were cleared to allow for the construction of a new house and pool. **B)** A wildfire destroyed the trees, leaving a scorched clearing. **C)** The trees were replaced by a large concrete parking lot. **D)** Additional trees were planted to increase the density of the wooded area.",A,A,a,True,Multiple Choice
65,"Has the small tree located near the northwestern corner of the site, adjacent to the paved parking area, been removed?",Yes,No,no,False,Yes/No
66,"In the southeastern section of the image, along the western edge of the road near the intersection, has a new segment of sidewalk been constructed to connect existing paths?",Yes,Yes,yes,True,Yes/No
67,"What change occurred to the tree located near the center of the residential cluster, adjacent to the home on the inside of the curved road?  **A)** It was removed to make way for a new driveway. **B)** It appears to have fallen over or been destroyed. **C)** It was replaced with a different species of tree. **D)** It was pruned to a much smaller size.",B,B,b,True,Multiple Choice
68,"In the upper right quadrant of the image, has a newly constructed sidewalk appeared along the side of the road?",Yes,Yes,yes,True,Yes/No
69,"Has a new residential building been constructed in the northeastern portion of the scene, north of the diagonal cleared path?",Yes,Yes,yes,True,Yes/No
70,"Looking at the open lot located in the middle-left area of the images, north of the established row of houses and west of the curved road, what change has occurred?  **A)** A new house was constructed. **B)** A large swimming pool was installed. **C)** The existing house was demolished. **D)** A community park was established.",A,A,a,True,Multiple Choice
71,"Has a rectangular swimming pool been newly constructed on the far western edge of the scene, adjacent to the residential road, in an area that was previously bare ground?",Yes,Yes,yes,True,Yes/No
72,"Looking at the front yard of the house situated immediately north of the swimming pool's parking lot, what change can be observed regarding the tree?  **A)** The tree has been removed. **B)** The tree has grown and developed a full green canopy. **C)** A second tree has been planted next to the original one. **D)** The tree has been replaced with a flower bed.",B,B,b,True,Multiple Choice
73,"Has a large, newly constructed building appeared in the eastern portion of the residential cluster, situated directly north of the smaller white structure?",Yes,Yes,yes,True,Yes/No
74,Has a new building been constructed in the southern central portion of the residential area?,Yes,Yes,yes,True,Yes/No
75,"Has a new swimming pool been constructed behind a residence in the eastern portion of the area, where there was previously only undeveloped scrubland?",Yes,Yes,yes,True,Yes/No
76,"In the northernmost part of the image, has a building with a tan-colored roof been newly constructed where there were previously only trees and open ground?",Yes,Yes,yes,True,Yes/No
77,"Is there a newly constructed building in the northern part of the open field, east of the main road?",Yes,Yes,yes,True,Yes/No
78,"Looking at the area north of the diagonal road near the dirt path in the upper right portion of the image, what change has occurred to the vegetation?  **A)** The trees were completely removed for a new construction. **B)** The trees have grown significantly in size and foliage density. **C)** The trees were replaced by a paved parking area. **D)** The trees have been thinned out to make room for a driveway.",B,B,b,True,Multiple Choice
79,"Looking at the area to the east of the cluster of trees in the first image, which now sits to the west of a new cul-de-sac in the second image, what change has occurred?  **A)** A pre-existing house was renovated. **B)** A new building was constructed on previously undeveloped land. **C)** A small barn was demolished to make way for a road. **D)** A group of trees was planted in the open field.",B,B,b,True,Multiple Choice
80,"Has a new building been constructed in the southern portion of the image, situated to the west of the primary road?",Yes,Yes,yes,True,Yes/No
81,"In the lower-left portion of the images, near the edge of the newly constructed road, what change has occurred to the tree that was originally present?  **A)** It was replaced by a small residential building. **B)** It was removed or cut down to clear space for development. **C)** It was relocated to the backyard of one of the new houses. **D)** It was integrated into a new landscaped garden bed.",B,B,b,True,Multiple Choice
82,Has a sidewalk been newly constructed along the southern edge of the road in the southeastern section of the neighborhood?,Yes,Yes,yes,True,Yes/No
83,"Has the narrow, light-colored dirt driveway in the northwest quadrant been replaced with a wider, paved asphalt driveway and parking area?",Yes,Yes,yes,True,Yes/No
84,"Along the northern edge of the road on the far left side of the images, what change can be seen regarding the sidewalk?  **A)** It was demolished and replaced with a dirt path. **B)** It was newly constructed where there was previously only unpaved ground. **C)** It was widened to accommodate a bike lane. **D)** It was removed to expand the front yards of the adjacent houses.",B,D,d,False,Multiple Choice
85,"In the bottom right corner of the residential area, along the side of the road, what change can be observed regarding the sidewalk?  **A)** It was removed and replaced with grass. **B)** A new sidewalk was constructed. **C)** The sidewalk was widened and painted. **D)** It was demolished to make room for a parking space.",B,B,b,True,Multiple Choice
86,Is there a newly constructed sidewalk running alongside the row of trees in the bottom-right quadrant of the image?,Yes,Yes,yes,True,Yes/No
87,"Is there a newly constructed building at the top edge of the image, located at the northern end of the residential development?",Yes,No,no,False,Yes/No
88,What change is observed in the building located near the center of the right edge of the image?  **A)** A new building was constructed. **B)** The building was demolished. **C)** The building's roof was painted a different color. **D)** The building was moved further to the left.,A,A,a,True,Multiple Choice
89,"Has a new paved road with a landscaped central divider been constructed in the northwest portion of the area, forming a new intersection with the main diagonal road?",Yes,Yes,yes,True,Yes/No
90,"Has a new paved road, complete with a cul-de-sac and connected residential driveways, been constructed in the southern portion of the image where there was previously undeveloped land?",Yes,Yes,yes,True,Yes/No
91,"Have trees been planted in the backyard of the house located in the south-central portion of the residential neighborhood, where there was previously only bare ground?",Yes,Yes,yes,True,Yes/No
92,"In the top-left portion of the image, has a newly paved parking lot with marked stalls been constructed?",Yes,Yes,yes,True,Yes/No
93,Has the individual tree located in the open grassy area on the eastern side of the fork in the dirt road been removed?,Yes,Yes,yes,True,Yes/No
94,"Has a large building with a white roof been constructed in the southwestern corner of the area, adjacent to a newly paved parking lot?",Yes,Yes,yes,True,Yes/No
95,"Looking at the northeast corner of the provided images, what change can be observed between the two time periods?  **A)** An existing building was completely demolished. **B)** A new residential building was constructed on a previously cleared lot. **C)** A large swimming pool was added to the backyard of an existing house. **D)** A dense grove of trees was planted where there was once a field.",B,B,b,True,Multiple Choice
96,"What happened to the tree located in the northwest region of the image, near the upper edge, between the first and second timestamps?  **A)** It has been removed. **B)** It has been replaced by a new residential building. **C)** It has significantly grown in height and canopy width. **D)** It was relocated to the center of the image.",A,A,a,True,Multiple Choice
97,What change occurred to the structures in the bottom right corner of the image between the two time periods?  **A)** A new row of residential townhouses was constructed. **B)** Several old buildings were demolished to clear the land. **C)** A large commercial shopping center was built. **D)** A parking lot was paved over an existing field.,A,A,a,True,Multiple Choice
98,Has a tree been planted in the front yard of the house situated on the north side of the diagonal road in the southeastern portion of the image?,Yes,No,no,False,Yes/No
99,What happened to the building located in the upper right corner of the image?  **A)** It was renovated with a new roof. **B)** It was completely demolished. **C)** It was replaced by a larger structure. **D)** A new swimming pool was built next to it.,B,B,b,True,Multiple Choice
100,Has a tree been planted in the area south of the western wing of the white L-shaped building?,Yes,Yes,yes,True,Yes/No
101,"In the lower right area of the images, what major change involving a structure has taken place?  **A)** A new building has been constructed. **B)** An old building has been demolished. **C)** A building's roof has been changed to a different color. **D)** A building has been relocated to a different part of the lot.",A,A,a,True,Multiple Choice
102,"Has a new dark-roofed building been constructed in the northern section of the property, situated between the road and the lake, and to the east of the house that was already present in the earlier image?",Yes,Yes,yes,True,Yes/No
103,"Has a new residential building with a grey roof been constructed in the bottom-left corner of the area, situated at the end of the newly formed cul-de-sac?",Yes,Yes,yes,True,Yes/No
104,What change occurred in the middle-right area of the land shown in these images?  **A)** A new residential building was constructed. **B)** A building was completely demolished. **C)** A new paved road was added to an empty field. **D)** Dense vegetation was cleared to make way for a park.,A,C,c,False,Multiple Choice
105,"Based on a holistic comparison of the two images, what can be concluded about the overall scene consistency over time?  **A)** The scene exhibits a high degree of visual parity and structural integrity. **B)** There is a moderate level of temporal deviation between the two captures. **C)** A significant global alteration is evident throughout the area. **D)** The images display a pronounced and pervasive structural shift.",A,A,a,True,Multiple Choice
106,"In the bottom right area of the images, situated east of the parking lot and north of the large grey building, what happened to the small structure?  **A)** It was demolished. **B)** A new roof was installed. **C)** It was expanded to twice its original size. **D)** It was converted into a swimming pool.",A,A,a,True,Multiple Choice
107,"In the open field area situated northwest of the divided highway, what significant change is visible between the two time periods?  **A)** A new building with a white roof and a parking lot was constructed. **B)** An old farmhouse was demolished to expand the field. **C)** A new public park with walking trails was established. **D)** The highway was expanded into a four-lane expressway.",A,A,a,True,Multiple Choice
108,"Comparing the two images, what has occurred at the southernmost end of the row of houses on the left side of the developed area?  **A)** An existing house was renovated. **B)** A house was demolished to create open space. **C)** A new house was constructed. **D)** A commercial building was converted into a residence.",C,C,c,True,Multiple Choice
109,"Looking at the intersection corner near the center of the images, what change has occurred regarding the sidewalk?  **A)** It was demolished to make way for a larger yard. **B)** It was newly constructed as the residential lot was developed. **C)** It was painted with bright yellow safety markings. **D)** It was replaced with a dirt walking path.",B,B,b,True,Multiple Choice
110,Is there any observable discrepancy between the two scenes?,No,Yes,yes,False,Yes/No
111,"In the northwestern part of the neighborhood, specifically looking at the lot situated just to the west of the northernmost cul-de-sac, what change occurred to the building at this site between the two images?  **A)** A new residential building was constructed on previously vacant land. **B)** An existing building was completely demolished and replaced with a grassy field. **C)** The building underwent a major structural expansion to its rear. **D)** The roof of the building was significantly modified or replaced.",A,A,a,True,Multiple Choice
112,"Has a new residential building been constructed in the lower-right corner of the image, situated among a cluster of trees where there was previously only vegetation?",Yes,Yes,yes,True,Yes/No
113,"Looking at the residential neighborhood on the left side of the image, what change can be observed regarding the trees around the houses in the cul-de-sac?  **A)** Most of the trees have been cleared to make room for new buildings. **B)** The trees have been replaced with smaller decorative shrubs. **C)** The trees have grown significantly, appearing much larger and denser. **D)** The trees have been removed and replaced with paved driveways.",C,C,c,True,Multiple Choice
114,What change occurred to the building in the bottom-left corner of the image between the two time periods?  **A)** The building was newly constructed. **B)** The building was demolished. **C)** The building was expanded with an addition. **D)** The building's roof was replaced.,A,B,b,False,Multiple Choice
115,"In the top-left corner of the image, has the light-colored sidewalk segment been removed or paved over with a darker material?",Yes,Yes,yes,True,Yes/No
116,"In the southern section of the image, situated at the end of the residential street, has a new building been constructed on what was previously undeveloped land?",Yes,Yes,yes,True,Yes/No
117,"Has a paved sidewalk been constructed on the western edge of the cul-de-sac, where there was previously only undeveloped land and dirt?",Yes,Yes,yes,True,Yes/No
118,"In the northern part of the images, along the western edge of the main road near the intersection, what change has occurred to the sidewalk?  **A)** A new sidewalk was constructed. **B)** The existing sidewalk was demolished. **C)** The sidewalk was widened. **D)** The sidewalk was moved closer to the road.",A,C,c,False,Multiple Choice
119,"Looking at the lower-left portion of the area, what change can be observed regarding the paved road between the first and second images?  **A)** A paved road has been demolished. **B)** A paved road has been constructed. **C)** A paved road has been widened to include more lanes. **D)** A paved road has been replaced by a dirt track.",B,B,b,True,Multiple Choice
120,"Have multiple paved residential roads and cul-de-sacs been constructed throughout the area, replacing what was previously open, undeveloped land?",Yes,Yes,yes,True,Yes/No
121,"In the northeast quadrant of the area, have new buildings with complex, multi-toned gray roofs been constructed in place of the previous dense tree cover?",Yes,Yes,yes,True,Yes/No
122,Has a large tree appeared or significantly increased in size in the front yard of the second house from the left edge on the north side of the central horizontal street?,Yes,No,no,False,Yes/No
123,"What change occurred to the tree located on the east side of the property, situated along the long dirt driveway?  **A)** It was relocated. **B)** It was demolished. **C)** It was pruned. **D)** It was planted.",B,B,b,True,Multiple Choice
124,"Looking at the bottom right corner of the images, what change has taken place at the location where a residence is now situated?  **A)** A new house was constructed. **B)** A house was demolished. **C)** A large extension was added to the house. **D)** The house was painted a different color.",A,A,a,True,Multiple Choice
125,"In the western section of the residential complex, situated directly to the west of the swimming pool area, what change occurred regarding the tree located there?  **A)** It was removed. **B)** A new tree was planted in its place. **C)** It was replaced by a small utility building. **D)** It grew noticeably taller and wider.",A,A,a,True,Multiple Choice
126,"Has a segment of the sidewalk on the western side of the vertical road, located in the upper-left quadrant of the image, been removed?",Yes,Yes,yes,True,Yes/No
127,"In the northeast corner of the image, has the tree been removed to make way for the development of a residential neighborhood?",Yes,Yes,yes,True,Yes/No
128,"Has a new building been constructed in the southwest corner of the area, nestled among the trees?",Yes,No,no,False,Yes/No
129,What change can be observed regarding the buildings in the northwest corner of the area between the two images?  **A)** New residential buildings have been constructed on previously vacant land. **B)** Several old houses were demolished to make room for a field. **C)** The existing buildings underwent a complete roof replacement. **D)** A large commercial warehouse was built to replace small homes.,A,A,a,True,Multiple Choice
130,"Focusing on the northeast corner of the area shown, how has the sidewalk changed between the two images?  **A)** It was newly built as part of the urban expansion. **B)** It was removed to expand the adjacent roadway. **C)** It was widened and paved with decorative bricks. **D)** It was shortened to allow for more residential parking.",A,B,b,False,Multiple Choice
131,"Looking at the area near the bottom-center of the frame, what significant change has occurred between the two images?  **A)** An older building was demolished and replaced by a parking lot. **B)** A new house has been built on previously vacant land. **C)** A forest area was cleared to make room for a new road. **D)** A swimming pool was installed in the backyard of an existing house.",B,B,b,True,Multiple Choice
132,"In the central part of the residential park, what change is observed in the space between two adjacent long buildings near the bend in the road?  **A)** A new small building or structure has appeared. **B)** An existing building was removed, leaving an empty lot. **C)** A paved driveway was added. **D)** Significant vegetation was cleared.",A,A,a,True,Multiple Choice
133,Which of the following best describes the overall scene consistency between the two provided images?  **A)** High degree of visual parity with no discernible temporal deviation. **B)** Significant global alteration across the entire frame. **C)** Moderate structural shifting between the captures. **D)** Pronounced environmental flux and lack of stability.,A,A,a,True,Multiple Choice
134,"In the eastern section of the parking lot, just north of the large white-roofed building, has a new tree been planted in a spot that was previously occupied by a vehicle?",Yes,Yes,yes,True,Yes/No
135,"Has the group of trees located on the western side of the original road, just south of where the road forks, been removed in the second image following the construction of the roundabout?",Yes,Yes,yes,True,Yes/No
136,"In the central-southern portion of the wooded area, has the tree been removed and replaced by a cleared, sandy ground surface as part of a larger development?",Yes,Yes,yes,True,Yes/No
137,"Looking at the front yard on the far right side of the central residential block, near the sidewalk, what change is observed in the vegetation between the two images?  **A)** The tree has been removed and replaced with a paved area. **B)** The tree has grown significantly and its foliage has become much more lush and green. **C)** A new house has been constructed where the tree used to be. **D)** The tree has died and only a stump remains.",B,B,b,True,Multiple Choice
138,What change has occurred in the southwest corner of the area depicted in the second image compared to the first?  **A)** A new residential building has been constructed. **B)** A pre-existing building has been demolished. **C)** The existing building was expanded. **D)** A large tree was removed from the lot.,A,A,a,True,Multiple Choice
139,"Focusing on the residential area in the upper-right quadrant of the image, what change can be observed regarding the tree in the front yard of the house?  **A)** It was removed during land clearing. **B)** It was planted as part of the new landscaping. **C)** It was relocated to the backyard. **D)** It was significantly trimmed.",B,A,a,False,Multiple Choice
140,"In the northeast corner of the area, what change can be observed regarding the athletic field?  **A)** The athletic field was demolished. **B)** A new athletic field was constructed. **C)** The athletic field was replaced by a building. **D)** The athletic field remained unchanged.",B,D,d,False,Multiple Choice
141,"Has a new residential building been constructed in the southeastern corner of the area, replacing the previous vegetation?",Yes,Yes,yes,True,Yes/No
142,"Looking at the southeast corner of the area, what significant change can be observed between the two images?  **A)** A house was constructed on previously undeveloped land. **B)** A forest was preserved and expanded. **C)** A commercial shopping center was demolished. **D)** A highway was rerouted through the area.",A,A,a,True,Multiple Choice
143,"In the southeastern section of the residential area, has a tree been planted next to the driveway of the house located along the street on the right?",Yes,Yes,yes,True,Yes/No
144,"Has a new residential building been constructed in the northwest section of the area, situated just east of the cluster of trees along the left edge?",Yes,Yes,yes,True,Yes/No
145,What development took place in the northeast section of the area shown in the images?  **A)** A building was demolished. **B)** A building was newly constructed. **C)** The roof of an existing building was replaced. **D)** A swimming pool was installed in the yard.,B,C,c,False,Multiple Choice
146,"Has a new house been constructed in the southern part of the residential development, situated between two other homes along the curved street?",Yes,Yes,yes,True,Yes/No
147,"Has a new residential building been constructed in the eastern section of the area, replacing what was previously undeveloped land with sparse vegetation?",Yes,Yes,yes,True,Yes/No
148,"In the northwest corner of the area shown, what change occurred regarding the building between the two images?  **A)** The building was demolished. **B)** A new building was constructed. **C)** The building's roof was replaced. **D)** An extension was added to an existing building.",B,B,b,True,Multiple Choice
149,"In the southeast section of the residential development, what change has occurred to the lot between the two images?  **A)** A building was demolished. **B)** A new building was constructed. **C)** An addition was built onto an existing structure. **D)** The building was destroyed by a fire.",B,B,b,True,Multiple Choice
150,"Has the tree located in the upper right quadrant of the scene, north of the light-colored dirt road, been removed to make way for a residential housing development?",Yes,Yes,yes,True,Yes/No
151,"In the southeastern portion of the area, has a new residential house been constructed on what was previously part of an open field?",Yes,Yes,yes,True,Yes/No
152,"What change can be observed in the southwest corner of the image, near the bottom edge?  **A)** A parking lot was demolished and replaced with bare soil. **B)** A new parking lot was constructed on what was previously undeveloped land. **C)** A large building was erected in place of an old parking area. **D)** The area was cleared of trees to expand the adjacent road.",B,B,b,True,Multiple Choice
153,"Has a new paved road been constructed in the western half of the image, forming an L-shaped street within a residential development?",Yes,Yes,yes,True,Yes/No
154,"Has a sidewalk been constructed in the southwestern section of the image, running along the side of the curving road within the grassy area?",Yes,Yes,yes,True,Yes/No
155,"Is there a newly constructed body of water on the western edge of the lot, adjacent to the recent residential development?",Yes,Yes,yes,True,Yes/No
156,"In the upper left quadrant of the image, have the trees situated in the front yard of the house along the northern horizontal road grown significantly?",Yes,Yes,yes,True,Yes/No
157,Has a residential building been constructed in the bottom-left corner of the image?,Yes,No,no,False,Yes/No
158,"What change occurred at the site on the far western side of the developed area, which was previously open land?  **A)** A new building was constructed. **B)** A building was demolished. **C)** Trees were planted across the site. **D)** A parking lot was removed.",A,A,a,True,Multiple Choice
159,"Has a new building been constructed in the central-northern portion of the image, situated just above the horizontal road?",Yes,Yes,yes,True,Yes/No
160,"Comparing the two images, what change has occurred in the upper-middle portion of the area, where a residential house is now visible?  **A)** A new house was constructed on previously undeveloped land. **B)** An existing building was demolished to create an open space. **C)** The roof of an older building was replaced with new shingles. **D)** A commercial building was converted into a residential property.",A,A,a,True,Multiple Choice
161,"In the northwestern section of the residential area, has a segment of the sidewalk located at the corner of the cul-de-sac been removed?",Yes,Yes,yes,True,Yes/No
162,"Is there a newly constructed residential building in the southeastern portion of the image, where previously there was only undeveloped land?",Yes,Yes,yes,True,Yes/No
163,"Looking at the upper right area of the residential neighborhood, what change occurred to the segment of sidewalk located in front of the house on the east side of the road?  **A)** It was extended further down the street. **B)** It was widened into a small plaza. **C)** It was removed and a tree was planted in its place. **D)** It was painted with a crosswalk pattern.",C,C,c,True,Multiple Choice
164,"In the mid-western portion of the image, has a dense row of trees or shrubs been added along the northern boundary of the residential lot with the brown roof?",Yes,Yes,yes,True,Yes/No
165,"In the upper-right quadrant of the image, has a building been constructed on the eastern side of the newly developed street where there was previously undeveloped land?",Yes,Yes,yes,True,Yes/No
166,Has the tree located in the bottom-right corner of the image been removed and replaced by a paved road surface?,Yes,No,no,False,Yes/No
167,Has a new concrete sidewalk been constructed along the edge of the residential property in the southeastern corner of the area?,Yes,Yes,yes,True,Yes/No
168,"In the central and southern portions of the area, has a new network of paved roads been constructed on what was previously a large open field?",Yes,Yes,yes,True,Yes/No
169,"Has the building located on the western edge of the property, just south of the access road, been demolished?",Yes,Yes,yes,True,Yes/No
170,"Has a new swimming pool been constructed in the northwest part of the image, in an area that was previously occupied by a cluster of trees?",Yes,Yes,yes,True,Yes/No
171,"In the lower-left quadrant of the image, along the curve of the residential street, what change has occurred to the landscape?  **A)** A house was demolished to create an empty lot. **B)** A new residential building was constructed on previously vacant land. **C)** A park with several trees was established. **D)** A new road was paved through the center of the lot.",B,B,b,True,Multiple Choice
172,"In the center-left portion of the image, a curved road runs from the top toward the bottom. What change is observed regarding this road between the two images?  **A)** The road has been removed and replaced with landscaping. **B)** The road has been widened to include more lanes. **C)** The road has been newly paved. **D)** The road has been rerouted to a different location.",C,C,c,True,Multiple Choice
173,Has a new paved road with curbs and a sidewalk been constructed in the southwest corner of the image where there was previously unpaved ground?,Yes,Yes,yes,True,Yes/No
174,What change occurred to the site located in the northwest corner of the imagery?  **A)** A building was demolished. **B)** A new building was constructed. **C)** A parking lot was expanded. **D)** The area was converted into a garden.,B,B,b,True,Multiple Choice
175,"Looking at the middle-right section of the area, what change has occurred between the first and second image?  **A)** A building was constructed. **B)** A building was demolished. **C)** A road was removed and replaced with trees. **D)** A swimming pool was installed behind an existing house.",A,A,a,True,Multiple Choice
176,"In the bottom left corner of the residential area shown, what change has occurred between the two images?  **A)** A house was demolished to create a vacant dirt lot. **B)** A new house has been constructed on a previously empty lot. **C)** A community playground has been built in the open space. **D)** The area has been paved over to create an additional road.",B,B,b,True,Multiple Choice
177,Has a new sidewalk been constructed along the curved road in the southeastern portion of the residential area?,Yes,Yes,yes,True,Yes/No
178,"Has a new section of sidewalk been constructed along the curb on the northern side of the road, extending from the driveway of the easternmost house towards the intersection?",Yes,Yes,yes,True,Yes/No
179,"What change occurred in the northeastern section of the image, at the end of the winding dirt path?  **A)** A large section of trees was cleared to build a new residence. **B)** A new pond was excavated for irrigation purposes. **C)** The existing building at that location was completely demolished. **D)** A solar farm was installed across the cleared land.",A,A,a,True,Multiple Choice
180,Has a new building been constructed in the southwest corner of the image where there was previously an open field?,Yes,Yes,yes,True,Yes/No
181,"On the west side of the main residential street, just south of where the road begins to curve, what change has occurred to the vegetation in the front of the house?  **A)** A tree has grown where there was previously bare ground. **B)** A large tree was removed to improve the street view. **C)** A decorative garden was replaced with a lawn. **D)** A tree was cut down to make room for a wider driveway.",A,A,a,True,Multiple Choice
182,"In the upper left corner of the area shown, what change can be observed between the two images?  **A)** A building was demolished. **B)** A new house was constructed. **C)** A swimming pool was installed. **D)** Large trees were removed from the lot.",B,A,a,False,Multiple Choice
183,"In the front yard of the house located in the bottom-left corner of the imagery, adjacent to the road, what change has occurred to the tree?  **A)** A tree was removed. **B)** A tree was planted. **C)** A tree was replaced by a flagpole. **D)** A tree was damaged by a storm.",B,A,a,False,Multiple Choice
184,Has a new sidewalk been constructed along the street in the southwestern section of the residential development?,Yes,Yes,yes,True,Yes/No
185,"In the southeastern corner of the area, has the tree been removed and replaced by a building structure?",Yes,Yes,yes,True,Yes/No
186,"Looking at the upper right portion of the area, what transformation has taken place regarding the trees and vegetation?  **A)** The trees have grown significantly taller and denser. **B)** The vegetation was removed to accommodate new residential construction. **C)** The area was paved over to create a tennis court. **D)** A new forest trail was cut through the thicket.",B,B,b,True,Multiple Choice
187,Is there any detectable anomaly in the scene's global configuration when comparing these two images?,No,Yes,yes,False,Yes/No
188,"Has a new residential building been constructed in the southern portion of the area, replacing what was previously an open field?",Yes,Yes,yes,True,Yes/No
189,"Has a new residential building been constructed in the southeastern corner of the image, appearing at the end of the row of houses?",Yes,Yes,yes,True,Yes/No
190,"In the center-left portion of the area, has a new residential building been constructed on the previously vacant land located along the western side of the north-south street?",Yes,Yes,yes,True,Yes/No
191,What has happened to the building located at the end of the driveway in the northwest corner of the image?  **A)** A new wing was added to the existing structure. **B)** The building was demolished. **C)** The roof was repainted from white to dark green. **D)** The building was converted into a larger parking lot.,B,B,b,True,Multiple Choice
192,"In the upper right corner of the image, near the end of the newly developed cul-de-sac, what change has occurred regarding the sidewalk?  **A)** A section of the sidewalk was demolished. **B)** A new sidewalk was constructed along the edge of the road. **C)** The sidewalk was widened to accommodate a bike lane. **D)** The sidewalk was replaced by a grassy median.",B,B,b,True,Multiple Choice
193,What change occurred in the middle-left portion of the area between the two images?  **A)** A building was demolished and replaced with a road. **B)** A new residential house was constructed on previously vacant land. **C)** A large forest was cleared to create an open field. **D)** An existing house underwent a major roof renovation.,B,B,b,True,Multiple Choice
194,"Looking at the lot on the east side of the road leading to the cul-de-sac, just north of the horizontal road, what change has occurred between the first and second image?  **A)** A new building has been constructed. **B)** An existing building has been demolished. **C)** The land has been converted into a public park. **D)** A parking lot has been added.",A,A,a,True,Multiple Choice
195,Has a bright white shipping container appeared at the northern end of a residential lot in the northeast corner of the park?,Yes,Yes,yes,True,Yes/No
196,"Looking at the lower-central portion of the images on the right side of the road, what change can be observed in the vacant lot situated between the neighboring properties?  **A)** A house has been demolished. **B)** A new building has been constructed. **C)** A parking lot was paved over the area. **D)** The land has remained vacant with no changes.",B,D,d,False,Multiple Choice
197,"In the upper right quadrant of the images, has a residential building been constructed on land that was previously covered by a dense canopy of trees?",Yes,Yes,yes,True,Yes/No
198,"In the southeast quadrant of the images, what development can be observed?  **A)** A parking lot and industrial structure were built on formerly undeveloped ground. **B)** A cluster of trees was removed to make way for a small pond. **C)** A previously paved parking lot was excavated and returned to its natural state. **D)** A large multi-story office building was constructed in place of a dirt lot.",A,A,a,True,Multiple Choice
199,"In the top-left quadrant of the image, has a new building with a red-toned roof and a surrounding parking lot been constructed on land that was previously covered in trees and scrub?",Yes,Yes,yes,True,Yes/No
200,Has a new residential building been constructed on the previously vacant lot located to the west of the existing row of houses along the curved street?,Yes,Yes,yes,True,Yes/No
201,"Has a new residential building with a multi-gabled roof been constructed on the eastern edge of the property, where there was previously an open dirt area?",Yes,Yes,yes,True,Yes/No
202,"In the bottom right-hand corner of the images, what change has occurred regarding the paved road?  **A)** It was demolished. **B)** It was constructed. **C)** It was widened. **D)** It was rerouted.",B,A,a,False,Multiple Choice
203,What change occurred to the sidewalk at the street corner in the upper left portion of the images?  **A)** It was widened to accommodate more foot traffic. **B)** It was demolished during the development of the corner lot. **C)** It was repaved with a darker asphalt material. **D)** It was extended to connect with the neighboring driveway.,B,B,b,True,Multiple Choice
204,"Has a cluster of trees emerged in the northern portion of the property, replacing the small buildings that were previously situated there?",Yes,Yes,yes,True,Yes/No
205,"In the lower right corner of the area shown, adjacent to the road, what change has occurred regarding the tree?  **A)** It was planted. **B)** It was removed. **C)** It was damaged by construction. **D)** It was relocated to a different lot.",A,B,b,False,Multiple Choice
206,"Focusing on the property in the bottom-left corner of the images, what change can be observed regarding the tree in its front yard?  **A)** The tree has been removed and replaced with a paved area. **B)** The tree was replaced with several smaller shrubs. **C)** The tree has grown significantly in size and canopy density. **D)** A new building extension has been built over the tree's location.",C,A,a,False,Multiple Choice
207,What notable change occurred to the area adjacent to the cul-de-sac in the bottom right corner between the first and second images?  **A)** The land was cleared to make way for a parking lot. **B)** Multiple new residential buildings were constructed. **C)** A large industrial warehouse was built on the site. **D)** The area was converted into a public park with several ponds.,B,A,a,False,Multiple Choice
208,"Has a new residential building been constructed in the southwestern portion of the neighborhood, situated along the southern edge of the developed complex?",Yes,Yes,yes,True,Yes/No
209,"What change occurred to the tree located in the front yard of the third house from the top, on the eastern side of the curved road?  **A)** A new tree was planted. **B)** The tree was removed. **C)** The tree's foliage became much denser. **D)** The tree was moved closer to the sidewalk.",B,B,b,True,Multiple Choice
210,"Has a new house been constructed in the southwestern part of the residential block, situated just south of the white pedestrian path?",Yes,Yes,yes,True,Yes/No
211,What change has occurred to the plot of land located in the upper-left corner of the area?  **A)** A building has been demolished. **B)** A new residential building has been constructed. **C)** A large swimming pool was installed. **D)** The area was paved for a new road.,B,D,d,False,Multiple Choice
212,"Has a new building with a flat white roof been constructed in the upper-left section of the area, replacing what was previously open land?",Yes,Yes,yes,True,Yes/No
213,"Has a new house been constructed in the northwest corner of the residential neighborhood, along the road in the top-left of the image?",Yes,Yes,yes,True,Yes/No
214,"Has a new residential building been constructed in the top right quadrant of the area, replacing what was previously open land with sparse vegetation?",Yes,Yes,yes,True,Yes/No
215,"Look at the northeast corner of the images, specifically at the area adjacent to the road. What change occurred to the sidewalk there?  **A)** It was demolished and replaced with dirt. **B)** It was newly paved as the neighborhood was developed. **C)** It was significantly narrowed to allow for road widening. **D)** It was replaced by a series of small shrubs.",B,C,c,False,Multiple Choice
216,Has a new tree been planted in the front yard of the house situated on the eastern side of the diagonal road in the upper-right quadrant of the image?,Yes,Yes,yes,True,Yes/No
217,Has a new house been constructed on the corner plot in the upper-left quadrant of the residential area?,Yes,Yes,yes,True,Yes/No
218,"In the northwest corner of the image, has a concrete sidewalk been newly constructed along the curb of the residential road?",Yes,Yes,yes,True,Yes/No
219,Has a new residential building been constructed in the top-left corner of the property?,Yes,No,no,False,Yes/No
220,"In the eastern portion of the neighborhood, has a small tree in the front yard of a house located on the outer bend of the curved road grown significantly to have a much larger and denser canopy?",Yes,Yes,yes,True,Yes/No
221,"Looking at the front yard of the third house from the bottom on the right side of the street, what change can be observed regarding the vegetation?  **A)** A large tree was removed. **B)** A new tree was planted. **C)** The lawn was replaced with pavement. **D)** A garden bed was demolished.",B,A,a,False,Multiple Choice
222,"What change occurred to the area located on the western side of the cul-de-sac between the two images?  **A)** A new residential building was constructed. **B)** A building was demolished, leaving an empty lot. **C)** Extensive landscaping and tree planting took place. **D)** A large commercial structure was added to the neighborhood.",A,B,b,False,Multiple Choice
223,Has a tree been planted in the front yard of the residence located along the western side of the street?,Yes,Yes,yes,True,Yes/No
224,"In the northwest portion of the images, situated on the outer edge of the curved road, what change can be observed regarding the tree at that location?  **A)** It was removed during construction. **B)** It was newly planted. **C)** It was significantly damaged by a storm. **D)** It was replaced by a residential building.",B,A,a,False,Multiple Choice
225,"Has a new residential building been constructed in the southwestern portion of the image, replacing a previously wooded area south of the main road?",Yes,Yes,yes,True,Yes/No
226,Has the tree that was located to the northwest of the residence in the bottom-left corner of the image been removed?,Yes,Yes,yes,True,Yes/No
227,"Has a new building been constructed in the northwest corner of the site, adjacent to the new residential road?",Yes,Yes,yes,True,Yes/No
228,What change occurred to the building located in the upper right section of the images?  **A)** A new building was constructed where there was previously open land. **B)** The building was demolished and the site was cleared. **C)** A large extension was added to the existing building. **D)** The building was renovated and the roof color was changed.,A,A,a,True,Multiple Choice
229,"In the northern part of the property, situated between the open dirt lot and the side road to the east of the parking area, what change has occurred to the vegetation?  **A)** Several trees were planted. **B)** All trees in the area were removed. **C)** The trees were replaced with a decorative fence. **D)** A small utility shed was built where the trees once stood.",A,B,b,False,Multiple Choice
230,"In the upper right portion of the images, just to the east of the diagonal road, what change occurred to the vegetation that was present in the first image?  **A)** It was pruned. **B)** It was demolished. **C)** It was replaced by a shed. **D)** It grew significantly taller.",B,B,b,True,Multiple Choice
231,"In the northwestern corner of the area, adjacent to the residential buildings, what change has occurred regarding the swimming pool?  **A)** It was demolished. **B)** It was recently constructed. **C)** It was covered with a tarp. **D)** It was converted into a garden.",B,B,b,True,Multiple Choice
232,"Near the street intersection in the bottom right corner of the area, what change is visible regarding the tree?  **A)** It was removed. **B)** It was planted. **C)** It was moved to the backyard. **D)** It was pruned significantly.",B,B,b,True,Multiple Choice
233,"Focusing on the plot in the north-central part of the residential area, just to the west of the curved cul-de-sac, what change has taken place?  **A)** A building was completely demolished. **B)** A new residential structure was built. **C)** The building was converted into a playground. **D)** A large extension was added to an existing house.",B,B,b,True,Multiple Choice
234,What change has occurred on the vacant lot located at the end of the street on the right side of the images?  **A)** A new residential building has been constructed. **B)** The lot has been cleared of existing structures to become an empty field. **C)** A large community playground has been installed. **D)** The area has been paved over to create an extension of the road.,A,B,b,False,Multiple Choice
235,"Has a new residential building been constructed in the middle-left section of the image, within the westernmost row of the newly developed housing block?",Yes,Yes,yes,True,Yes/No
236,"Looking at the area along the side of the road in the center-right of the images, what change happened to the sidewalk?  **A)** It was demolished and replaced with dirt. **B)** It was newly constructed. **C)** It was widened to accommodate more pedestrians. **D)** It was relocated to the other side of the street.",B,B,b,True,Multiple Choice
237,What change occurred to the vegetation in the front yard of the house located near the bottom center of the images?  **A)** A large tree was cut down. **B)** The grass was replaced with pavement. **C)** New trees have grown or been planted. **D)** A swimming pool was installed.,C,C,c,True,Multiple Choice
238,"Has a new residential building been constructed in the middle-right section of the image, on the eastern side of the diagonal road that runs through the neighborhood?",Yes,Yes,yes,True,Yes/No
239,"Has a new building been constructed in the northeastern portion of the image, situated on the eastern side of the main curved road?",Yes,Yes,yes,True,Yes/No
240,What has occurred at the site located in the northwest corner of the image?  **A)** A building has been demolished. **B)** A new building has been constructed. **C)** A building was replaced with a parking lot. **D)** A building underwent a complete renovation.,B,A,a,False,Multiple Choice
241,Is there any detectable anomaly or global alteration between these two scene captures?,No,Yes,yes,False,Yes/No
242,"Has a new residential building been constructed in the northwest quadrant of the area, replacing what was previously undeveloped grassy land?",Yes,Yes,yes,True,Yes/No
243,Has a sidewalk been constructed along the street corner in the middle-left portion of the residential neighborhood?,Yes,Yes,yes,True,Yes/No
244,What change occurred to the swimming pool located in the backyard of the house in the northeast corner of the neighborhood?  **A)** It was newly constructed. **B)** It was demolished. **C)** It was expanded in size. **D)** It was covered by a new structure.,B,B,b,True,Multiple Choice
245,"Has a new building been constructed in the southeastern portion of the area, situated within a newly developed residential block on land that was previously open field?",Yes,Yes,yes,True,Yes/No
246,Is there a newly planted tree in the eastern side yard of the house located at the far right end of the street in the foreground?,Yes,Yes,yes,True,Yes/No
247,Has a newly constructed sidewalk appeared along the far eastern perimeter of the residential development?,Yes,Yes,yes,True,Yes/No
248,"Focusing on the front lawn of the house located at the street curve on the eastern side of the image, what change has occurred to the tree there between the two time periods?  **A)** The tree has grown significantly. **B)** The tree was removed and replaced with grass. **C)** The tree was replaced by a paved driveway. **D)** A second, identical tree was planted next to the first one.",A,A,a,True,Multiple Choice
249,"Looking at the area near the bottom-left corner of the images, what happened to the vegetation that was originally there?  **A)** It was removed to make room for the highway. **B)** It was transplanted to the opposite side of the road. **C)** It was covered by a new building structure. **D)** It remained untouched during the construction process.",A,A,a,True,Multiple Choice
250,Has a new zebra-striped crosswalk been added to the road branch extending eastward from the intersection in the southern section of the image?,Yes,Yes,yes,True,Yes/No
251,"In the eastern section of the area, to the right of the main road, has a large new residential building been constructed?",Yes,Yes,yes,True,Yes/No
252,"Looking at the top center portion of the images, what major development has occurred between the first and second frames?  **A)** A large building complex has been constructed. **B)** A new park with walking trails has been established. **C)** The area has been cleared of all structures to create an open field. **D)** A new highway has been paved through the center of the plot.",A,A,a,True,Multiple Choice
253,"What occurred to the building structure located in the western portion of the images?  **A)** A new building was constructed on previously empty land. **B)** The building was completely demolished to make way for a park. **C)** The building's footprint remained the same, but its orientation was changed. **D)** The building was expanded with a large addition to the rear.",A,A,a,True,Multiple Choice
254,"In the southeast corner of the image, on the front lawn of the residence adjacent to the street, what change can be observed regarding the tree at that location?  **A)** It was demolished. **B)** It was planted. **C)** It was relocated to the backyard. **D)** It was replaced by a garden bed.",B,A,a,False,Multiple Choice
255,Has a new residential building been constructed in the western section of the residential development on land that was previously vacant?,Yes,Yes,yes,True,Yes/No
256,"Has a new, light-colored driveway been constructed along the far western edge of the property, where there was previously only rough, undeveloped terrain?",Yes,Yes,yes,True,Yes/No
257,"In the lower-left portion of the imagery, south of the two large houses visible in the first frame and adjacent to the road, what change occurred to the tree that was originally in that location?  **A)** It was preserved as part of a new public park. **B)** It was removed to make way for the construction of a new house and yard. **C)** It was replaced by a decorative fountain. **D)** It was significantly pruned to clear a path for power lines.",B,B,b,True,Multiple Choice
258,Have new curved sidewalks been constructed along both sides of the paved road that now traverses the central and lower sections of the landscape?,Yes,Yes,yes,True,Yes/No
259,"Looking at the residential area in the bottom right corner of the image, what change has occurred between the two time periods?  **A)** A house has been constructed on previously vacant land. **B)** An existing building has been demolished. **C)** A swimming pool has been added to the backyard of a house. **D)** The surrounding vegetation has been cleared for a new road.",A,A,a,True,Multiple Choice
260,Has a paved sidewalk been constructed along the northern edge of the roadway in the southern section of the residential area?,Yes,Yes,yes,True,Yes/No
261,"Has a new residential building been constructed on the previously vacant lot in the upper right quadrant of the image, adjacent to the vertical road?",Yes,Yes,yes,True,Yes/No
262,What change is observed regarding the unpaved road located on the eastern side of the main diagonal highway?  **A)** It was paved and extended. **B)** It was demolished. **C)** It was widened to accommodate more traffic. **D)** It was relocated further to the north.,B,A,a,False,Multiple Choice
263,"In the northwestern portion of the image, along the side of the road, what change has occurred regarding the sidewalk?  **A)** A sidewalk was constructed. **B)** The sidewalk was demolished. **C)** The sidewalk was relocated to the center of the road. **D)** The sidewalk was replaced by a drainage ditch.",A,A,a,True,Multiple Choice
264,"Has a new residential building been constructed on the eastern side of the road, just north of the other houses in that row?",Yes,Yes,yes,True,Yes/No
265,"Has a new residential building been constructed in the top-left quadrant of the area, replacing what was previously undeveloped land with sparse vegetation?",Yes,Yes,yes,True,Yes/No
266,"Looking at the upper-left portion of the images, what change can be observed on the north side of the road that extends towards the left from the central intersection?  **A)** A new sidewalk was constructed. **B)** A sidewalk was demolished and replaced with grass. **C)** The existing sidewalk was widened. **D)** A row of trees was planted where the sidewalk used to be.",A,D,d,False,Multiple Choice
267,Has a newly constructed paved sidewalk appeared along the eastern side of the street in the southeastern portion of the image?,Yes,Yes,yes,True,Yes/No
268,"In the upper-right quadrant of the images, what significant development has taken place?  **A)** A residential structure has been demolished. **B)** A new residential building has been constructed. **C)** A swimming pool was removed from the property. **D)** The area was converted from a residential lot to a forested park.",B,B,b,True,Multiple Choice
269,Has a new residential building been constructed in the upper-left quadrant on the previously vacant lot north of the horizontal road?,Yes,Yes,yes,True,Yes/No
270,"Has a new building been constructed in the southern section of the area, where there was previously a dense cluster of trees?",Yes,Yes,yes,True,Yes/No
271,"What significant change is visible on the eastern side of the area, to the right of the diagonal dirt path?  **A)** A new building was constructed. **B)** A swimming pool was installed. **C)** The forest was cleared for a new fairway. **D)** A new sand bunker was added.",A,A,a,True,Multiple Choice
272,"Has a new paved road, in the form of a cul-de-sac, been constructed in the southeastern portion of the image where there was previously an open field?",Yes,Yes,yes,True,Yes/No
273,"Has the tree located in the bottom-left corner, situated along the sidewalk south of the main road, grown significantly in size and foliage?",Yes,No,no,False,Yes/No
274,"Looking at the area on the western side of the neighborhood near the street corner, what significant change has occurred?  **A)** A new residential building was constructed. **B)** A commercial building was demolished. **C)** A swimming pool was installed in the backyard. **D)** A forest area was cleared for a park.",A,A,a,True,Multiple Choice
275,Has a paved sidewalk been constructed along the western edge of the curved main road on the left side of the image?,Yes,Yes,yes,True,Yes/No
276,"In the lower-left region of the images, south of the main horizontal road, what change occurred involving the land use?  **A)** A new parking lot was constructed where there was previously vegetation. **B)** A parking lot was demolished and replaced with trees. **C)** The existing parking lot was expanded to cover more area. **D)** A parking lot was converted into a residential building site.",A,A,a,True,Multiple Choice
277,"In the bottom right corner of the images, what change has occurred to the land?  **A)** A new residential building was constructed. **B)** A community park was established. **C)** A commercial shopping center was built. **D)** A large pond was excavated.",A,A,a,True,Multiple Choice
278,"In the lower portion of the images, near the corner property where the curved road meets the diagonal thoroughfare, what change has occurred to the sidewalk?  **A)** The sidewalk was removed and replaced with grass. **B)** A new sidewalk was constructed or repaved with bright concrete. **C)** The sidewalk was widened significantly. **D)** The sidewalk was rerouted away from the main road.",B,C,c,False,Multiple Choice
279,"Along the westernmost edge of the parking lot, have several trees been planted within the narrow islands that separate the parking stalls from the perimeter road?",Yes,Yes,yes,True,Yes/No
280,Has a tree been planted in the backyard of the northernmost house located on the western edge of the residential block?,Yes,Yes,yes,True,Yes/No
281,"Has a new, light-colored sidewalk been constructed along the edge of the road in the mid-western section of the residential neighborhood?",Yes,Yes,yes,True,Yes/No
282,"Observing the northwestern corner of the provided satellite images, what significant change has occurred at that location?  **A)** A building was demolished, leaving an empty lot. **B)** A building was constructed where there was previously vegetation. **C)** The roof of the existing building was replaced with solar panels. **D)** A large storage shed was removed from the property.",B,B,b,True,Multiple Choice
283,"Has a new building been constructed in the southeastern corner of the area, situated at the intersection of the two roads?",Yes,No,no,False,Yes/No
284,"What change has occurred at the location in the lower-left corner of the area, near the end of the residential street?  **A)** A previously existing building was demolished. **B)** A new residential building was constructed. **C)** A parking lot was paved over a green space. **D)** A large swimming pool was added to the yard.",B,B,b,True,Multiple Choice
285,"In the lower-left corner of the images, what change occurred involving a building at that specific location?  **A)** A building was demolished. **B)** A building was constructed. **C)** A building underwent a major renovation. **D)** A building was partially destroyed.",B,B,b,True,Multiple Choice
286,"Looking at the northwest corner of the residential neighborhood, what change has occurred between the first and second images?  **A)** A large structure was demolished. **B)** A new house was constructed on a previously vacant lot. **C)** A paved parking lot was added to the area. **D)** The existing building underwent a major roof renovation.",B,B,b,True,Multiple Choice
287,Has a new sidewalk been constructed around the circular end of the cul-de-sac located in the northwest quadrant of the image?,Yes,Yes,yes,True,Yes/No
288,"Is there a newly constructed sidewalk running along the back edge of the residential properties in the northern half of the image, bordering the main road?",Yes,Yes,yes,True,Yes/No
289,What change has occurred to the building located in the southeastern part of the image?  **A)** It was demolished. **B)** A new building has been constructed. **C)** The roof was replaced. **D)** An addition was built onto the original structure.,B,B,b,True,Multiple Choice
290,"Has a new building been constructed in the western portion of the site, located near the curved pedestrian path and adjacent to the row of trees on the left?",Yes,Yes,yes,True,Yes/No
291,What change has occurred at the location at the end of the cul-de-sac on the left side of the images?  **A)** A new building was constructed. **B)** An existing house was demolished. **C)** A swimming pool was added to the property. **D)** The roof of the house was replaced with different materials.,A,C,c,False,Multiple Choice
292,"Has a new building been constructed in the top-left portion of the image, north of the winding path?",Yes,Yes,yes,True,Yes/No
293,"Has a new tree appeared in the front yard of the house in the bottom-right portion of the residential area, near the sidewalk?",Yes,Yes,yes,True,Yes/No
294,"At the street intersection in the top right corner of the image, what change has occurred to the sidewalk?  **A)** A new sidewalk was constructed. **B)** The sidewalk was demolished. **C)** A tree was planted on the sidewalk corner. **D)** The sidewalk was narrowed.",A,B,b,False,Multiple Choice
295,"Looking at the area in the bottom left corner of the images, what significant change has occurred?  **A)** A building has been demolished. **B)** A new building has been constructed. **C)** The existing building's roof was repainted. **D)** A large tree was removed from the yard.",B,A,a,False,Multiple Choice
296,"Is there a newly constructed swimming pool in the backyard of the residence located in the top-left quadrant of the image, adjacent to the golf course?",Yes,Yes,yes,True,Yes/No
297,Has a sidewalk been newly constructed along the edge of the street in the northern part of the residential neighborhood?,Yes,Yes,yes,True,Yes/No
298,What change occurred to the sidewalk located on the western side of the road in the northwestern part of the image?  **A)** It was newly constructed. **B)** It was demolished. **C)** It was widened. **D)** It was painted with a crosswalk.,B,C,c,False,Multiple Choice
299,What change is observed regarding the sidewalk at the end of the cul-de-sac in the bottom center of the second image compared to the first?  **A)** A new sidewalk has been constructed. **B)** An existing sidewalk has been demolished. **C)** A sidewalk was relocated to a different part of the street. **D)** A sidewalk was widened to accommodate a larger driveway.,A,A,a,True,Multiple Choice
300,"Has the tree situated on the eastern edge of the property, to the right of the main residential building, been removed?",Yes,Yes,yes,True,Yes/No
301,"Looking at the lower-left section of the area, what change is visible regarding the sidewalk?  **A)** It was newly constructed along the newly built road. **B)** It was demolished and replaced with a patch of dirt. **C)** It was widened to accommodate more pedestrians. **D)** It was repaved with a darker asphalt material.",A,D,d,False,Multiple Choice
302,Has a new building with a dark grey roof and a concrete driveway been constructed in the upper-left corner of the image?,Yes,Yes,yes,True,Yes/No
303,"In the northeastern section of the image, has a new residential building been constructed where there was previously undeveloped land?",Yes,Yes,yes,True,Yes/No
304,"Has a small tree located at the end of a parking row in the southern part of the parking lot, near the grassy border, grown significantly larger and fuller in the second image?",Yes,Yes,yes,True,Yes/No
305,What change can be observed regarding the development in the southeast portion of the images?  **A)** A residential building has been newly constructed. **B)** A pre-existing structure was demolished. **C)** The roof of an old building was completely replaced. **D)** An industrial site was cleared to create a vacant lot.,A,A,a,True,Multiple Choice
306,Is there any observable discrepancy in the scene composition between the two temporal instances?,No,No,no,True,Yes/No
307,"Looking at the central area of the first image, what change occurred to the group of trees located there?  **A)** They were preserved and became part of a public park. **B)** They were cleared to make room for a street and residential development. **C)** They were replaced by a larger, more dense forest area. **D)** They were converted into a large commercial parking lot.",B,B,b,True,Multiple Choice
308,What change occurred to the cluster of trees located in the center-right portion of the first image?  **A)** They were cleared to facilitate the construction of a residential neighborhood. **B)** They were replaced by a large commercial warehouse and parking lot. **C)** They were incorporated into a new public park with several walking trails. **D)** They were destroyed by a wildfire and the land remains undeveloped.,A,A,a,True,Multiple Choice
309,"In the backyard area of the newly developed property on the western edge of the neighborhood, bordering the open green space, what change can be observed regarding the tree at that location?  **A)** A tree was planted. **B)** A tree was removed. **C)** A tree was replaced by a brick patio. **D)** A tree was significantly pruned.",A,B,b,False,Multiple Choice
310,Has a new paved sidewalk been constructed along the horizontal road at the northern edge of the image?,Yes,Yes,yes,True,Yes/No
311,"What change is observed regarding the sidewalk located along the northern edge of the street, in front of the house near the corner?  **A)** The sidewalk was demolished to increase the size of the lawn. **B)** A new section of sidewalk was constructed where there was previously open ground. **C)** The existing sidewalk was repaved with a different color of concrete. **D)** The sidewalk was narrowed to allow for a wider street.",B,B,b,True,Multiple Choice
312,"Looking at the bottom-left corner of the area, what change can be observed between the first and second images?  **A)** A residential building was demolished. **B)** A new house was constructed on previously cleared land. **C)** The area was paved to create a parking lot. **D)** A large section of forest was cleared for agriculture.",B,B,b,True,Multiple Choice
313,"In the southern portion of the image, near the curve of the road, has a new residential building been constructed on a plot that was previously undeveloped and covered with trees?",Yes,Yes,yes,True,Yes/No
314,"In the southeast corner of the area, what change is visible between the two images?  **A)** A building has been constructed. **B)** A building has been demolished. **C)** The parking lot was repaved. **D)** New trees were planted.",A,A,a,True,Multiple Choice
315,"What change can be observed regarding the vegetation in the front yard of the house located on the upper side of the street, roughly in the middle-left of the images?  **A)** A tree was removed. **B)** A tree was planted. **C)** A garden bed was paved over. **D)** The lawn was replaced with gravel.",B,B,b,True,Multiple Choice
316,"What happened to the vegetation in the northwest section of the parking lot, bordering the open field?  **A)** A tree was removed. **B)** A tree was planted. **C)** The grass was replaced with gravel. **D)** A new driveway was paved.",B,A,a,False,Multiple Choice
317,"In the bottom-left corner of the residential area, has a new building been constructed on land that was previously occupied by trees?",Yes,Yes,yes,True,Yes/No
318,"In the lower-left portion of the imagery, there is a residential lot located near the curve of the road. What change can be observed regarding the tree in the front yard of this property?  **A)** It was planted. **B)** It was removed. **C)** It was relocated to the side of the house. **D)** It was replaced with a stone path.",A,B,b,False,Multiple Choice
319,"Has a new residential building been constructed on the eastern side of the primary north-south road, in the previously undeveloped area near the center of the image?",Yes,Yes,yes,True,Yes/No
320,"On the far left side of the image, what change occurred to the paved road between the two time periods?  **A)** The road was completely demolished and replaced with soil. **B)** The road was narrowed to half its original width. **C)** Lane markings were added to the previously unmarked road surface. **D)** The road was converted from a paved surface to a gravel path.",C,C,c,True,Multiple Choice
321,"Has the tree in the southeastern part of the area, situated near the junction of the dirt paths, been removed?",Yes,Yes,yes,True,Yes/No
322,"In the lower section of the image, what change has occurred to the paved road?  **A)** It has been widened and converted into a divided highway with a median. **B)** It was removed to make way for new vegetation. **C)** It was transformed into a pedestrian walkway with a gravel surface. **D)** The original road was repaved with dark asphalt, maintaining its single-lane width.",A,A,a,True,Multiple Choice
323,"Has the tree located in the southwest corner of the residential area, adjacent to the fenced-in yard, been removed and replaced by a small structure?",Yes,Yes,yes,True,Yes/No
324,"What change can be observed at the location in the northwestern part of the area, situated north of the curving residential street?  **A)** A building was demolished and replaced with a parking lot. **B)** A new residential building was constructed on previously vacant land. **C)** An existing house was renovated with a new roof color. **D)** A large tree was removed to make way for a swimming pool.",B,B,b,True,Multiple Choice
325,"Has a new residential building been constructed in the northeastern section of the image, situated on the eastern side of the north-south running road?",Yes,Yes,yes,True,Yes/No
326,"Has a new residential building been constructed in the central-western part of the neighborhood, situated along the street that runs diagonally through the area?",Yes,No,no,False,Yes/No
327,"Looking at the top center of the image, east of the pond, what change has occurred over time?  **A)** A new residential building was constructed. **B)** A building was demolished and replaced with trees. **C)** A swimming pool was filled in and covered with grass. **D)** A new road was built through the wooded area.",A,A,a,True,Multiple Choice
328,"Has a residential building been constructed on the plot of land located in the lower-central section of the images, near the curved road?",Yes,Yes,yes,True,Yes/No
329,"In the middle-right area of the image, along the side of the diagonal residential road, what change has occurred to the sidewalk?  **A)** The sidewalk was demolished. **B)** A new sidewalk was constructed. **C)** The sidewalk was significantly widened. **D)** A sidewalk was replaced by a row of trees.",B,C,c,False,Multiple Choice
330,What change occurred to the property located at the far left end of the residential street at the bottom of the image?  **A)** A house was constructed on a previously empty lot. **B)** The building was demolished and replaced with a park. **C)** An existing house was expanded with a new wing. **D)** The property was converted into a paved parking area.,A,A,a,True,Multiple Choice
331,Is there a newly constructed building in the top right corner of the area that was previously vacant land?,Yes,Yes,yes,True,Yes/No
332,Has a sidewalk been constructed along the curve of the road bordering the property in the lower central and southeastern portion of the image?,Yes,Yes,yes,True,Yes/No
333,"Has a new building been constructed in the southwest corner of the area, situated along the bottom-most road?",Yes,Yes,yes,True,Yes/No
334,"Has a new tree appeared in the western section of the image, situated just to the left of the winding white walkway?",Yes,Yes,yes,True,Yes/No
335,What change can be observed in the backyard of the residence located on the east side of the cul-de-sac?  **A)** a swimming pool was demolished **B)** a swimming pool was constructed **C)** a new driveway was paved **D)** a garden was removed,B,B,b,True,Multiple Choice
336,"Has the small tree located in the western section of the field, south of the larger cluster of vegetation, been removed and replaced by the roof of a newly constructed house?",Yes,No,no,False,Yes/No
337,"In the southeastern quadrant of the image, has a small tree been planted in the front yard of a newly constructed house, where there was previously undeveloped terrain?",Yes,Yes,yes,True,Yes/No
338,"Has the building located in the upper right portion of the image, situated north of the main diagonal road, been removed or demolished?",Yes,Yes,yes,True,Yes/No
339,"Looking at the area in the bottom center of the image, situated just north of the wooded section and near a curve in the road, what change has occurred between the two images?  **A)** A building was demolished. **B)** A building was constructed. **C)** The building was relocated to the opposite side of the road. **D)** The building was enlarged with an additional wing.",B,B,b,True,Multiple Choice
340,"In the northeastern portion of the images, along the curve of the roadway, what is the nature of the change involving the sidewalk?  **A)** It was newly constructed where there was previously an open field. **B)** It was demolished to make room for additional landscaping. **C)** It was narrowed to allow for a wider road surface. **D)** It was repaved with a darker asphalt material.",A,A,a,True,Multiple Choice
341,"In the eastern portion of the site, situated south of the prominent green tree line, what change can be observed between the two images?  **A)** A new building has been constructed. **B)** A pre-existing building was demolished. **C)** The area was cleared of vegetation to create a dirt road. **D)** An outdoor swimming pool was added to the property.",A,C,c,False,Multiple Choice
342,Has a new swimming pool been constructed in the backyard of the residential property located in the southeastern corner of the neighborhood?,Yes,Yes,yes,True,Yes/No
343,"In the upper left corner of the image, near the end of the row of mobile homes, what change has occurred to the shipping container?  **A)** It has been moved to the adjacent lot. **B)** It has been removed. **C)** It has been replaced by a permanent building. **D)** It has been rotated 90 degrees.",B),B,b,True,Multiple Choice
344,"Has a new building with a light-colored roof been constructed in the bottom-left corner of the image, situated among a cluster of trees?",Yes,Yes,yes,True,Yes/No
345,"Has a new parking_lot been constructed in the northwestern quadrant of the image, adjacent to a newly built structure, where there was previously only open land?",Yes,Yes,yes,True,Yes/No
346,"Has a new residential building been constructed in the northeastern portion of the image, north of the primary east-west road, where there was previously an open field?",Yes,Yes,yes,True,Yes/No
347,"In the upper-left portion of the residential area shown in the second image, what change has occurred to the property compared to the first image?  **A)** A new residential building has been constructed. **B)** An existing building has been demolished and not replaced. **C)** The building has undergone a significant roof renovation. **D)** A large swimming pool has been installed in the backyard.",A,B,b,False,Multiple Choice
348,"Has the small, light-colored tree at the far left end of the row bordering the road in the upper-left quadrant been replaced by a larger, darker tree?",Yes,Yes,yes,True,Yes/No
349,"Has a new small building with a light-colored roof been constructed in the southwestern portion of the property, located west of the swimming pool area?",Yes,Yes,yes,True,Yes/No
350,"In the upper-middle section of the images, situated adjacent to the long diagonal road, what change has occurred at that location?  **A)** A building was demolished and the land was cleared. **B)** A new building was constructed on the previously empty lot. **C)** A building was renovated with a new, lighter-colored roof. **D)** A large addition was built onto an existing structure.",B,B,b,True,Multiple Choice
351,"Has a house been constructed on the vacant lot in the top-left quadrant, located as the second property from the street corner?",Yes,No,no,False,Yes/No
352,"In the upper right portion of the images, what change can be observed between the first and second time points?  **A)** A new house has been constructed on previously undeveloped land. **B)** An existing house was demolished to make way for a park. **C)** A large swimming pool was installed in a backyard. **D)** A dense patch of trees was cleared for a new road.",A,A,a,True,Multiple Choice
353,"In the upper-right quadrant of the image, has the narrow, light-colored trail been significantly widened and transformed into a broader, muddy path?",Yes,Yes,yes,True,Yes/No
354,"Has a larger, more distinct building been constructed in the eastern portion of the residential area, situated behind the primary row of houses?",Yes,Yes,yes,True,Yes/No
355,"What change is observed regarding the tree located in the southwest corner of the property, near the intersection of the roads?  **A)** It was harvested. **B)** It was demolished. **C)** It grew significantly larger. **D)** It was replaced by a small building.",B,B,b,True,Multiple Choice
356,What change occurred to the paved road in the lower section of the image?  **A)** A new paved road was constructed. **B)** An existing paved road was removed. **C)** The paved road was replaced with a gravel path. **D)** No changes were made to the paved road.,A,D,d,False,Multiple Choice
357,What happened to the tree located in the front yard of the house in the upper-left corner of the images?  **A)** It was replaced by a driveway. **B)** It was demolished. **C)** It was pruned significantly. **D)** It was relocated to the side of the house.,B,B,b,True,Multiple Choice
358,"Has a new building been constructed in the bottom-right corner of the area, replacing the previously vacant lot?",Yes,Yes,yes,True,Yes/No
359,"Has a sidewalk been constructed in the northwest corner of the image, running along the edge of the newly developed residential street?",Yes,Yes,yes,True,Yes/No
360,Has a new concrete sidewalk been constructed at the road intersection in the southeastern section of the image?,Yes,Yes,yes,True,Yes/No
361,"Has the triangular-shaped reservoir in the upper-left clearing, northwest of the dense forest, been filled with water?",Yes,Yes,yes,True,Yes/No
362,"In the lower-left quadrant of the image, what change has occurred to the vegetation in the yard of the house located along the vertical road?  **A)** A large tree has been removed. **B)** A new tree has grown or been planted. **C)** The yard was converted into a paved parking area. **D)** A thick hedge has been removed from the property line.",B,B,b,True,Multiple Choice
363,"In the middle-left portion of the scene, what change occurred regarding the driveway that branches off from the main road?  **A)** A pre-existing gravel driveway was paved with asphalt. **B)** A new paved driveway was constructed over what was previously undeveloped land. **C)** The driveway was shortened to accommodate the construction of a new building. **D)** A circular driveway was removed and replaced with a straight one.",B,B,b,True,Multiple Choice
364,"Has a new residential building been constructed in the upper-central portion of the image, where there was previously an empty construction lot?",Yes,Yes,yes,True,Yes/No
365,"On the western edge of the neighborhood, in the yard situated to the left of the house with the prominent white roof, what change occurred to the tree located there?  **A)** It was removed. **B)** It was newly planted. **C)** it was pruned but remains in place. **D)** It was replaced by a small utility shed.",A,A,a,True,Multiple Choice
366,"Focusing on the front yard of the second house from the top on the western side of the street, what change involving a tree has occurred between the two images?  **A)** A tree was removed. **B)** A tree was planted. **C)** A tree was replaced by a lamp post. **D)** A tree was relocated to the back of the property.",B,A,a,False,Multiple Choice
367,What change has occurred on the lot located at the southwest corner of the street intersection in the lower-left part of the image?  **A)** A building has been demolished. **B)** A new building has been constructed. **C)** A large tree has been removed from the lot. **D)** The existing building has been expanded.,B,B,b,True,Multiple Choice
368,"Has a new building been constructed in the eastern part of the neighborhood, on land that was previously an open grassy field?",Yes,Yes,yes,True,Yes/No
369,"What happened to the tree located in the northern part of the field, northwest of the diagonal road?  **A)** It was cleared away to accommodate a new parking lot. **B)** It grew significantly in size and density. **C)** It was replaced by a small storage shed. **D)** It remained untouched as the surrounding area was developed.",A,A,a,True,Multiple Choice
370,"In the northeastern part of the area, what happened to the tree that was present before the residential development?  **A)** It was demolished. **B)** It was preserved in its original location. **C)** It grew significantly in size. **D)** It was transplanted to the nearby park area.",A,A,a,True,Multiple Choice
371,"Looking at the upper right corner of the images, what change has occurred to the building at that location?  **A)** A building was demolished to clear the land. **B)** A new building was constructed on previously vacant ground. **C)** The existing building's roof was replaced. **D)** The building was relocated to a different lot.",B,B,b,True,Multiple Choice
372,Has a new building been constructed in the bottom-left corner of the image?,Yes,Yes,yes,True,Yes/No
373,"In the upper central portion of the scene, originally situated along the edge of a dirt path intersection, has the tree been removed and replaced by a residential building?",Yes,Yes,yes,True,Yes/No
374,"In the northwestern part of the image, what change occurred to the trees over time?  **A)** They were cleared for residential development. **B)** They were replaced by a community park. **C)** They were moved to the center of the neighborhood. **D)** They were significantly enlarged through natural growth.",A,A,a,True,Multiple Choice
375,"In the residential area, focusing on the property located at the inner corner where the road curves near the right side of the image, what change has occurred to the tree in its front yard?  **A)** It has been removed to widen the road. **B)** It has grown significantly in size. **C)** It has been replaced by a small storage shed. **D)** It was cut down and replaced with a flower bed.",B,D,d,False,Multiple Choice
376,"Looking at the area in the upper-left portion of the images, what change has taken place between the first and second frames?  **A)** A new residential building was constructed on previously undeveloped land. **B)** An existing house was demolished and replaced with an open field. **C)** A commercial parking lot was paved over a residential lot. **D)** The existing building underwent major roof repairs but remained structurally the same.",A,A,a,True,Multiple Choice
377,"Has a new residential building been constructed in the bottom-left corner of the image, situated at the end of the newly paved street?",Yes,Yes,yes,True,Yes/No
378,"Have several new residential buildings been constructed on the previously vacant land in the southeastern corner of the central block, near the intersection of the roads?",Yes,Yes,yes,True,Yes/No
379,"Has the sidewalk in the southern part of the scene, located in front of the residential property near the bottom corner, been extended and integrated into a continuous pedestrian path along the roadway?",Yes,Yes,yes,True,Yes/No
380,"In the northwestern corner of the area, what change is observed regarding buildings between the two images?  **A)** A building was demolished. **B)** A new building was constructed. **C)** An existing building's roof was replaced with a darker material. **D)** A building was relocated to a different part of the property.",B,B,b,True,Multiple Choice
381,Has a new concrete sidewalk been constructed along the curved edge of the road in the northeast corner of the image?,Yes,Yes,yes,True,Yes/No
382,"Has a tree been planted in the northwestern corner of the area, situated near the road that runs along the northern perimeter?",Yes,No,no,False,Yes/No
383,"Has a new sidewalk been constructed along the eastern side of the residential street, just north of where the road curves into a cul-de-sac?",Yes,Yes,yes,True,Yes/No
384,"Looking at the area near the bottom edge of the images, towards the center-left, what change has occurred regarding a building?  **A)** A building has been demolished. **B)** A building has been constructed. **C)** The existing building's roof was replaced. **D)** No building has ever been present at this location.",B,B,b,True,Multiple Choice
385,"Looking at the area on the left side of the image where a group of trees was originally situated next to a dark rectangular building, what change is observed in the second image?  **A)** The trees were removed to facilitate residential construction. **B)** The trees were replaced by a paved parking lot. **C)** A small pond was dug in that location. **D)** The trees remained and were incorporated into a yard.",A,A,a,True,Multiple Choice
386,"In the bottom-center area of the images, what change has occurred to the site situated on the outer curve of the residential street?  **A)** A new residential building was constructed. **B)** An old structure was demolished and replaced with a park. **C)** The existing building underwent major roof renovations. **D)** A large commercial warehouse was built.",A,A,a,True,Multiple Choice
387,"In the northeastern portion of the image, has a new, lighter-colored sidewalk been constructed along the edge of the road?",Yes,Yes,yes,True,Yes/No
388,"In the lower-left area of the residential development, specifically on the west side of the cul-de-sac, what change has occurred to the building at that location?  **A)** It was demolished. **B)** It was newly constructed. **C)** It underwent a major roof renovation. **D)** It was partially destroyed by fire.",B,A,a,False,Multiple Choice
389,"In the northwestern part of the image, has a new residential building been constructed on a site that was previously occupied by dense trees and vegetation?",Yes,Yes,yes,True,Yes/No
390,What has changed regarding the tree along the fence line in the upper right portion of the image?  **A)** It has been removed. **B)** It has grown significantly larger. **C)** It has been replaced with a small shed. **D)** It has changed color due to the season.,A,A,a,True,Multiple Choice
391,"Looking at the bottom right corner of the images, what transformation has occurred to the area where a sidewalk now exists?  **A)** The existing sidewalk was widened. **B)** A new sidewalk was constructed where there was previously undeveloped land. **C)** The sidewalk was removed to make way for a dirt path. **D)** The sidewalk was painted with new lane markings.",B,B,b,True,Multiple Choice
392,Is there any observable discrepancy in the overall scene composition between these two temporal captures?,No,Yes,yes,False,Yes/No
393,"Has a new residential building been constructed in the southern portion of the neighborhood, situated near the curve in the adjacent road?",Yes,Yes,yes,True,Yes/No
394,"Has a sidewalk been constructed along the main road, adjacent to the newly developed residential area in the upper-central part of the image?",Yes,Yes,yes,True,Yes/No
395,Has a new residential building been constructed in the western section of the middle row of houses located between two parallel streets?,Yes,No,no,False,Yes/No
396,"Has a tree been planted in the front yard of the house in the lower-left section of the developed residential area, situated between the house and the curving street?",Yes,No,no,False,Yes/No
397,"In the lower-left section of the images, what change can be observed regarding the sidewalk at that location?  **A)** It was demolished and replaced with soil. **B)** It was narrowed to allow for a wider street. **C)** It was newly constructed. **D)** It was repaved with a darker material.",C,C,c,True,Multiple Choice
398,"In the lower-right quadrant of the image, has a segment of the sidewalk along the western edge of the curving residential street been removed?",Yes,Yes,yes,True,Yes/No
399,"In the southwest quadrant of the image, has a tree been planted or significantly grown in the front yard of a house situated on the west side of the north-south street?",Yes,Yes,yes,True,Yes/No
400,"In the western part of the neighborhood, specifically behind the house on the far left, what change can be observed regarding the swimming pool?  **A)** A swimming pool has been removed and replaced with a garden. **B)** A swimming pool has been newly constructed. **C)** The existing swimming pool was filled in with concrete. **D)** The shape of the swimming pool was modified from rectangular to oval.",B,A,a,False,Multiple Choice
401,"Has a new building been constructed in the southern section of the area, situated where there was previously an open patch of land near the edge of the road?",Yes,Yes,yes,True,Yes/No
402,"Has the small, isolated tree located in the lower-left quadrant of the clearing, near the edge of the southern forested area, been removed to make way for a wider dirt path?",Yes,Yes,yes,True,Yes/No
403,"What change occurred at the site located in the southwest corner of the image, on the west side of the road?  **A)** A building was demolished. **B)** A new building was constructed. **C)** The building's roof color was changed. **D)** A swimming pool was installed behind the building.",B,B,b,True,Multiple Choice
404,"Looking at the western portion of the landscape, what change has occurred in the area that previously featured a dirt track and trees?  **A)** Existing structures were removed to create an open field. **B)** The dirt track was paved into a major four-lane highway. **C)** New residential buildings have been constructed on the site. **D)** A large industrial factory was built over the wooded area.",C,A,a,False,Multiple Choice
405,"In the bottom section of the image, what change has occurred to the road?  **A)** It was paved. **B)** It was demolished and replaced with a forest. **C)** It was narrowed to a single lane. **D)** It remained a dirt path.",A,A,a,True,Multiple Choice
406,"Looking at the intersection in the top center of the image, what change can be observed regarding the sidewalk infrastructure?  **A)** A crosswalk has been added. **B)** The sidewalk has been removed. **C)** The sidewalk has been narrowed. **D)** The sidewalk has been painted green.",A,B,b,False,Multiple Choice
407,Has the tree located in the northwest quadrant of the road intersection been removed?,Yes,Yes,yes,True,Yes/No
408,"In the central part of the residential block, on the western side of the street that runs diagonally from top-right to bottom-left, has a new house been constructed on what was previously a vacant lot?",Yes,Yes,yes,True,Yes/No
409,Has the unpaved road running diagonally across the center of the area been removed and replaced with a paved road and adjacent parking lot?,Yes,Yes,yes,True,Yes/No
410,"Has a body of water been newly constructed in the southwestern quadrant of the region, situated to the south of the residential housing development?",Yes,No,no,False,Yes/No
411,"In the northern part of the development site, just south of the winding white pedestrian path, has a new residential building been constructed?",Yes,Yes,yes,True,Yes/No
412,"Is there a newly constructed, paved parking lot with marked spaces surrounding the building located in the northeastern portion of the image?",Yes,Yes,yes,True,Yes/No
413,"Looking at the upper-middle section of the images, what change has occurred regarding the building at that location?  **A)** An existing building has been demolished. **B)** A new residential building has been constructed. **C)** The building has undergone a significant roof renovation. **D)** An extension has been added to the side of an existing house.",B,A,a,False,Multiple Choice
414,What change occurred to the paved road running diagonally through the center of the area?  **A)** It was newly constructed. **B)** It was demolished and replaced with a dirt path. **C)** It was widened from a single lane to a four-lane highway. **D)** It was rerouted to avoid a new residential area.,A,A,a,True,Multiple Choice
415,"In the southeastern portion of the image, adjacent to the curve of the road on the far right, what change has occurred to the sidewalk between the two time periods?  **A)** It was demolished. **B)** It was newly constructed. **C)** It was widened into a parking bay. **D)** It was painted with yellow safety markings.",A,B,b,False,Multiple Choice
416,What change has occurred at the site located in the middle right portion of the scene between the two images?  **A)** A building has been newly constructed. **B)** An existing building has been demolished. **C)** The roof of a building has been painted a different color. **D)** A large swimming pool has been added to the backyard.,A,A,a,True,Multiple Choice
417,"Has a larger, more developed residential building with a brown roof been constructed in the southern portion of the image along the lake's shoreline?",Yes,Yes,yes,True,Yes/No
418,Has the dense cluster of trees in the northern portion of the image been removed to accommodate a new row of residential houses?,Yes,Yes,yes,True,Yes/No
419,"Has a building been newly constructed in the lower central portion of the area, located just south of the main road intersection?",Yes,Yes,yes,True,Yes/No
420,"What change occurred on the far right edge of the area, approximately midway between the top and bottom of the image?  **A)** A building was demolished. **B)** A new building was constructed. **C)** A building's roof was replaced. **D)** The building's footprint was significantly expanded.",B,B,b,True,Multiple Choice
421,What has occurred to the dense patch of vegetation on the far left side of the image?  **A)** It has been significantly thinned or cleared. **B)** It has expanded towards the center. **C)** It has been replaced by a large building. **D)** A new river has formed through the patch.,A,A,a,True,Multiple Choice
422,"Has a new building been constructed in the southwestern portion of the area, where previously only undeveloped land with scattered vegetation existed?",Yes,Yes,yes,True,Yes/No
423,Is there any observable discrepancy in the scene composition between these two images?,No,Yes,yes,False,Yes/No
424,"In the right half of the image, along the northwestern edge of the road bordering the forest, what change has occurred to the sidewalk segment?  **A)** It was widened. **B)** It was demolished. **C)** It was extended into the wooded area. **D)** A new pedestrian crossing was added.",B,B,b,True,Multiple Choice
425,"On the eastern side of the newly developed residential neighborhood, what change has occurred at the location where a tree now stands in the front yard of a house?  **A)** The tree was removed during construction. **B)** The tree was newly planted. **C)** The tree was pruned to clear the sidewalk. **D)** The tree was relocated from the backyard.",B,B,b,True,Multiple Choice
426,"In the upper right portion of the images, has a tree been planted in the yard of the house located at the corner of the intersection?",Yes,Yes,yes,True,Yes/No
427,"Is there a newly constructed swimming pool in the backyard of the house located at the southern edge of the cul-de-sac, nestled among the trees?",Yes,Yes,yes,True,Yes/No
428,Has a new building been constructed on the previously vacant plot of land situated at the northern end of the vertical road in the top-center area of the image?,Yes,Yes,yes,True,Yes/No
429,Has the unpaved trail running diagonally through the eastern half of the image been replaced by a paved roadway?,Yes,Yes,yes,True,Yes/No
430,"In the top-left corner of the image, near the intersection of the roads, has a new tree or dense shrubbery appeared?",Yes,Yes,yes,True,Yes/No
431,"In the northwestern part of the image, has the tree located just north of the northernmost house in the residential row been removed?",Yes,Yes,yes,True,Yes/No
432,"Focusing on the northeast portion of the images, what change has occurred at the site where a building now stands?  **A)** An existing building was demolished. **B)** A new building was constructed. **C)** The building's roof was repainted. **D)** A large addition was built onto a pre-existing structure.",B,B,b,True,Multiple Choice
433,"Is there a newly constructed painted_median located in the southern portion of the image, within the newly paved road branch of the junction?",Yes,Yes,yes,True,Yes/No
434,"Has a newly constructed paved road been built curving through the central portion of the image, where there was previously undeveloped natural terrain?",Yes,Yes,yes,True,Yes/No
435,"Looking at the western edge of the image, west of the main road, what change has occurred between the two time periods?  **A)** An existing building was demolished. **B)** A new building was constructed. **C)** A large section of trees was removed. **D)** A paved parking lot was added.",B,B,b,True,Multiple Choice
436,"What change is observed regarding the sidewalk in the northern part of the image, along the western edge of the main road?  **A)** It was demolished. **B)** It was constructed. **C)** It was replaced with a gravel path. **D)** It was widened.",B,B,b,True,Multiple Choice
437,"Has a tree been added to the lawn of the house in the top-left corner of the image, located near the edge of the road?",Yes,Yes,yes,True,Yes/No
438,"Looking at the upper portion of the images, what is the primary change that occurred regarding the parking lot?  **A)** A parking lot was demolished to create open space. **B)** A parking lot was newly constructed on previously undeveloped land. **C)** An existing parking lot was expanded to the south. **D)** A parking lot was converted into a residential building site.",B,C,c,False,Multiple Choice
439,"Has a new paved road been constructed running diagonally from the top-left towards the bottom-right of the image, replacing the previously existing wide, light-colored corridor?",Yes,Yes,yes,True,Yes/No
440,"Regarding the area in the bottom-left corner of the images, what transformation has occurred?  **A)** A building was demolished. **B)** A new building was constructed. **C)** A large group of trees was planted. **D)** A parking lot was removed.",B,B,b,True,Multiple Choice
441,"In the western portion of the image, adjacent to the main road, what happened to the section of the sidewalk?  **A)** It was paved **B)** It was demolished **C)** It was widened **D)** It was lengthened",B,B,b,True,Multiple Choice
442,"In the residential area, has a group of trees been planted on the eastern side of the corner lot, adjacent to the north-south road and sidewalk?",Yes,Yes,yes,True,Yes/No
443,Has a new building been constructed in the southeast corner of the image?,Yes,Yes,yes,True,Yes/No
444,"Is there a new building constructed in the northern section of the image, which was previously an open grassy area?",Yes,Yes,yes,True,Yes/No
445,What change has occurred to the building located on the far eastern edge of the residential area?  **A)** It was demolished. **B)** It was newly constructed. **C)** It was expanded with a new wing. **D)** Its roof color was changed.,B,B,b,True,Multiple Choice
446,"Has a new residential building been constructed in the southwest portion of the area, situated along the southern road?",Yes,Yes,yes,True,Yes/No
447,Has a new building been constructed on the previously vacant lot located northwest of the road intersection?,Yes,Yes,yes,True,Yes/No
448,Has the tree located in the front yard of the house at the southwestern corner of the neighborhood block significantly increased in size?,Yes,Yes,yes,True,Yes/No
449,"Has a new building been constructed in the upper-right quadrant of the area, replacing the sparse vegetation previously located there?",Yes,Yes,yes,True,Yes/No
450,"Has a sidewalk been constructed along the curved road in the eastern portion of the area, where there was previously only undeveloped woodland?",Yes,Yes,yes,True,Yes/No
451,"Has the tree located in the southern portion of the image, south of the existing residential buildings, been removed?",Yes,Yes,yes,True,Yes/No
452,"Has a new residential building been constructed in the top-left corner of the developed area, where there was previously only undeveloped land?",Yes,Yes,yes,True,Yes/No
453,What change has occurred in the upper right portion of the image?  **A)** A building was demolished to create open space. **B)** A new residential building was constructed. **C)** A swimming pool was added to an existing backyard. **D)** A road was extended through the area.,B,B,b,True,Multiple Choice
454,"Has a large tree canopy newly appeared in the yard on the eastern side of the north-south road, situated approximately halfway between the two intersections?",Yes,Yes,yes,True,Yes/No
455,"In the bottom-left corner of the image, adjacent to the large white building, what change has occurred to the tree?  **A)** It was removed. **B)** It was planted. **C)** It has grown significantly in height. **D)** It was replaced by a small shed.",A,A,a,True,Multiple Choice
456,"In the northeastern part of the second image, what change is observed regarding a swimming pool compared to the first image?  **A)** An existing swimming pool was removed and replaced with trees. **B)** A new swimming pool was constructed as part of a residential development. **C)** The swimming pool remained unchanged between both images. **D)** A swimming pool was converted into a small building.",B,C,c,False,Multiple Choice
457,"Has a new residential building been constructed on the previously vacant lot in the upper-central portion of the neighborhood, situated along the northern side of the diagonal street?",Yes,Yes,yes,True,Yes/No
458,"Comparing the two images, what change has occurred in the area near the bottom center, south of the main intersection?  **A)** A building was demolished. **B)** A building was constructed. **C)** A new road was paved. **D)** Large trees were planted.",B,B,b,True,Multiple Choice
459,"Has a new residential building been constructed in the southeastern corner of the neighborhood, situated at the end of the row of similar houses?",Yes,Yes,yes,True,Yes/No
460,"Has a new house been constructed in the southwestern portion of the residential area, situated along the bend of the street?",Yes,Yes,yes,True,Yes/No
461,"Looking at the property located at the corner of the intersection near the center of the images, what transformation occurred between the first and second time periods?  **A)** A new residential building was constructed. **B)** An existing building was demolished to create open land. **C)** The building underwent a complete roof replacement. **D)** There were no significant changes to the structure at this location.",A,D,d,False,Multiple Choice
462,"Has a swimming pool been newly constructed on the western edge of the property, adjacent to the house on the left?",Yes,No,no,False,Yes/No
463,What change is observed regarding the sidewalk at the eastern corner of the main intersection?  **A)** A section of sidewalk was removed. **B)** A new sidewalk was constructed. **C)** The sidewalk was replaced with a bike path. **D)** The existing sidewalk was narrowed.,B,A,a,False,Multiple Choice
464,"In the bottom right corner of the image, has a tree been planted in the yard of the house located at the street intersection?",Yes,Yes,yes,True,Yes/No
465,"Near the top edge of the newly developed residential area, just north of the circular cul-de-sac, what change can be observed regarding the structures on the land?  **A)** A new building was constructed. **B)** A pre-existing building was demolished. **C)** The existing building's roof was modified. **D)** A small shed was removed from the property.",A,A,a,True,Multiple Choice
466,What change occurred to the rectangular building situated in the upper right portion of the image?  **A)** A new floor was added to the building. **B)** The building was demolished. **C)** The building's roof was replaced with solar panels. **D)** The building was converted into a parking lot.,B,B,b,True,Multiple Choice
467,"Looking at the northwestern portion of the area shown, what major change has occurred at that specific location?  **A)** A pre-existing house was demolished. **B)** A new residential building has been constructed on previously vacant land. **C)** A swimming pool was installed behind an existing house. **D)** A building's roof was completely replaced with a different material.",B,B,b,True,Multiple Choice
468,"In the northeastern area of the scene, situated on the grassy strip next to the road, what change can be seen regarding the tree at that location?  **A)** A tree was planted. **B)** A tree was removed. **C)** A tree was trimmed. **D)** A tree was replaced by a signpost.",A,B,b,False,Multiple Choice
469,"Has a long, multi-unit residential building been constructed in the northern section of the area, which was previously an empty field?",Yes,Yes,yes,True,Yes/No
470,"On the road approaching the intersection from the bottom-left corner, what change can be observed regarding the painted median?  **A)** It was newly constructed. **B)** It was demolished. **C)** It was repainted in a different color. **D)** It was replaced by a landscaped area.",B,B,b,True,Multiple Choice
471,"Has a new residential building been constructed in the southern portion of the image, situated to the east of the main curved road?",Yes,Yes,yes,True,Yes/No
472,"Has a new building been constructed in the lower central portion of the image, situated within a newly developed residential area that was previously an open field?",Yes,Yes,yes,True,Yes/No
473,Have several trees been added to the yard of the house located at the street corner in the southeastern portion of the image?,Yes,Yes,yes,True,Yes/No
474,"Focusing on the property in the lower-left portion of the residential development in the second image, what change can be observed compared to the first image?  **A)** A new residential building has been constructed. **B)** An existing building has been demolished. **C)** A commercial building has been converted into residential housing. **D)** The vegetation has overgrown an abandoned building.",A,A,a,True,Multiple Choice
475,"Has a small section of sidewalk been constructed on the western edge of the residential block, connecting to the existing path along the street?",Yes,Yes,yes,True,Yes/No
476,"What change occurred to the dark, pond-like feature situated in the left-center of the area, just north of the winding path?  **A)** It was filled in and converted to a grassy area. **B)** It was enlarged to form a larger pond. **C)** It was replaced by a new paved road. **D)** It was excavated to create a deeper water hazard.",A,A,a,True,Multiple Choice
477,What change can be observed regarding the sidewalk running parallel to the northern side of the main diagonal road?  **A)** A new concrete sidewalk was constructed. **B)** The sidewalk was demolished and replaced with a gravel shoulder. **C)** The sidewalk was narrowed to make room for a new lane of traffic. **D)** A retaining wall was built on top of the existing sidewalk.,A,A,a,True,Multiple Choice
478,What change has occurred to the vegetation in the front yard of the house located near the bottom-left corner of the image?  **A)** A tree has been removed and replaced with a small flower bed. **B)** Small saplings or shrubs have grown into a large tree with a dense canopy. **C)** The tree was cut down to a stump. **D)** A large tree was replaced by multiple smaller bushes.,B,A,a,False,Multiple Choice
479,Has a sidewalk been newly constructed along the northern edge of the curved residential street in the middle-left section of the area?,Yes,Yes,yes,True,Yes/No
480,Has a new building been constructed on the previously vacant plot of land located in the center-left portion of the residential area?,Yes,Yes,yes,True,Yes/No
481,"In the northwest corner of the images, what change has occurred to the tree previously located there?  **A)** It was removed during the construction of a road. **B)** It was cut down to make space for a swimming pool. **C)** It was preserved and is now part of a residential backyard. **D)** It was replaced by a utility shed.",A,A,a,True,Multiple Choice
482,"Comparing the two images, what significant change occurred in the center-right portion of the land, just north of the long horizontal road?  **A)** A dense forest was planted in the previously barren area. **B)** A large commercial parking lot was constructed. **C)** Residential houses were built on what was once vacant land. **D)** A pre-existing industrial structure was demolished.",C,C,c,True,Multiple Choice
483,"Has a new paved road been constructed along the northern edge of the area, where previously there was open agricultural land?",Yes,Yes,yes,True,Yes/No
484,"Looking at the site in the lower central part of the images, west of the vertical road, what change has taken place?  **A)** A new building was constructed. **B)** A building was demolished. **C)** The building was relocated to a different lot. **D)** A swimming pool was filled in.",A,B,b,False,Multiple Choice
485,"On the eastern side of the image, what change has occurred to the tree located next to the driveway in the cul-de-sac?  **A)** It was cut down or removed. **B)** It has been replaced by a small shed. **C)** It has grown much taller and wider. **D)** It was relocated to the center of the cul-de-sac.",A,A,a,True,Multiple Choice
486,"What has happened to the small rectangular structure located in the upper-left portion of the image, near the residential property west of the curved road?  **A)** It has been expanded with a new addition. **B)** It was demolished or removed from the property. **C)** The roof was replaced with a darker material. **D)** It was converted into a small garden area.",B,B,b,True,Multiple Choice
487,What happened to the tree located in the lower-middle section of the images between the first and second time points?  **A)** It was cleared to allow for the construction of a paved road and cul-de-sac. **B)** It was uprooted and replanted in a nearby residential yard. **C)** It was partially cut down to accommodate power lines. **D)** It died due to disease and was left as a stump.,A,A,a,True,Multiple Choice
488,"What change has occurred in the lower-right corner of the property, east of the dirt road, between the first and second images?  **A)** A new building has been constructed. **B)** A pre-existing building was demolished. **C)** A large section of forest was cleared for a driveway. **D)** A swimming pool was installed behind an existing house.",A,C,c,False,Multiple Choice
489,"Has a new tree been planted in the backyard of the house located in the southeastern portion of the residential area, where there was previously only bare ground?",Yes,Yes,yes,True,Yes/No
490,"Has a new residential building been constructed in the eastern section of the area, adjacent to the diagonal road that runs through the image?",Yes,Yes,yes,True,Yes/No
491,"Is there a newly constructed, continuous sidewalk running along the northern edge of the road in the top-center portion of the image?",Yes,Yes,yes,True,Yes/No
492,"In the upper-left portion of the imagery, what change has occurred to the building at that location?  **A)** It has been demolished. **B)** It has been newly constructed on previously vacant land. **C)** It has undergone significant roof repairs. **D)** It has been expanded with a large addition.",B,A,a,False,Multiple Choice
493,"Has a new residential building been constructed in the southern portion of the neighborhood, on the plot of land near the bottom edge of the image?",Yes,No,no,False,Yes/No
494,"Looking at the middle-left area of the image, what change has occurred regarding the sidewalk between the two time periods?  **A)** It was newly constructed as part of a land development project. **B)** It was removed and replaced with a dirt path. **C)** It was widened to include a dedicated bicycle lane. **D)** It was demolished to make space for a new agricultural field.",A,A,a,True,Multiple Choice
495,"Along the southern edge of the neighborhood, has a new tree been planted in the grassy area between the sidewalk and the roadway?",Yes,Yes,yes,True,Yes/No
496,What visual change can be observed in the bottom left corner of the provided satellite images?  **A)** A new building has been constructed. **B)** A section of the forest has been cleared for a parking lot. **C)** An existing structure has been completely demolished. **D)** A new access road has been paved in that area.,A,A,a,True,Multiple Choice
497,What has happened to the tree located in the northwest corner of the scene?  **A)** It was removed. **B)** It has grown much larger. **C)** It was replaced by a small structure. **D)** Its appearance has not changed.,A,A,a,True,Multiple Choice
498,Is there any observable discrepancy indicating a global alteration between these two scenes?,No,No,no,True,Yes/No
499,"In the bottom-left corner of the scene, what change has occurred regarding the sidewalk?  **A)** A new sidewalk has been constructed. **B)** An existing sidewalk was demolished and removed. **C)** the sidewalk was widened to accommodate a bike lane. **D)** The sidewalk was relocated closer to the center of the image.",A,A,a,True,Multiple Choice
500,"In the northeast quadrant of the imagery, has a new building been constructed on land that was previously covered by dense vegetation?",Yes,Yes,yes,True,Yes/No
501,"Focusing on the southeastern corner of the images, what change has occurred regarding the structure at that location?  **A)** A building has been demolished. **B)** A new building has been constructed. **C)** The building's roof has been replaced. **D)** A building has been significantly enlarged with an addition.",B,B,b,True,Multiple Choice
502,What change is observed in the paved road that runs horizontally across the top of the scene?  **A)** It was demolished and replaced with vegetation. **B)** It was newly constructed. **C)** It was painted with new lane markers. **D)** It was converted from a two-lane road to a four-lane highway.,B,D,d,False,Multiple Choice
503,"Has a new building been constructed on the eastern side of the main north-south road, a short distance north of the three-way intersection?",Yes,No,no,False,Yes/No
504,"Has a new building been constructed in the northwest quadrant of the area, situated north of the street intersection where there was previously only vegetation?",Yes,Yes,yes,True,Yes/No
505,"When comparing the two images, what significant change has occurred in the northwest corner of the area?  **A)** A new residential building was constructed. **B)** An existing house was demolished. **C)** A large commercial parking lot was paved. **D)** A dense patch of trees was planted.",A,B,b,False,Multiple Choice
506,"Has a new house been constructed in the southern portion of the image, as part of a newly developed residential neighborhood?",Yes,Yes,yes,True,Yes/No
507,"In the middle-left portion of the image, has the tree located immediately adjacent to the western edge of the gray-roofed building been removed?",Yes,Yes,yes,True,Yes/No
508,"Looking at the eastern side of the clearing in the lower-right portion of the first image, what change has occurred to the rectangular building seen there?  **A)** It has been replaced by a new facility and landscaping within a pool complex. **B)** It has been expanded to include several additional wings. **C)** It was repainted but otherwise remains unchanged. **D)** It was relocated to the forested area on the left.",A,A,a,True,Multiple Choice
509,"Focusing on the lower-left section of the images, what has changed regarding the development of that specific plot of land?  **A)** A building has been removed, leaving only bare ground. **B)** A new house has been built on what was previously open ground. **C)** A swimming pool has been added behind an existing house. **D)** The area has been converted into a community park.",B,B,b,True,Multiple Choice
510,Has a new sidewalk been constructed along the eastern edge of the north-south residential street in the southwestern part of the area?,Yes,Yes,yes,True,Yes/No
511,"In the lower-left quadrant of the housing development, has the mobile home situated as the fourth unit from the left in the row closest to the previously wooded area been replaced by a new structure with a darker roof?",Yes,Yes,yes,True,Yes/No
512,"In the bottom right corner of the imagery, what change can be observed regarding the sidewalk?  **A)** The existing sidewalk was demolished and replaced with vegetation. **B)** A new sidewalk was constructed as part of the residential development. **C)** The sidewalk was widened to provide more space for pedestrians. **D)** The sidewalk was covered with asphalt to serve as a bike path.",B,B,b,True,Multiple Choice
513,"What change has occurred to the area in the middle-left portion of the image, adjacent to the paved road and parking stalls?  **A)** A new building was constructed. **B)** An existing building was demolished. **C)** The building's roof was replaced with different materials. **D)** The area was converted from a building to a gravel lot.",A,D,d,False,Multiple Choice
514,Has the dirt trail in the central and right-central portions of the terrain been replaced by a paved road and a series of new buildings?,Yes,Yes,yes,True,Yes/No
515,"Has a new residential building been constructed in the lower-right quadrant of the image, situated on the eastern side of a recently developed curving street?",Yes,Yes,yes,True,Yes/No
516,Has a new residential building been constructed on the previously empty lot in the southeastern corner of the image?,Yes,Yes,yes,True,Yes/No
517,What happened to the trees that were originally located in the central part of the site?  **A)** They were cleared to allow for the construction of a residential neighborhood. **B)** They were preserved to serve as a green belt for the new development. **C)** They were significantly thinned out to create a large parking lot. **D)** They were replaced by a body of water to manage drainage.,A,A,a,True,Multiple Choice
518,"On the western edge of the pond located in the bottom-left area of the imagery, what change can be observed regarding the tree?  **A)** A tree was removed. **B)** A tree appeared. **C)** A tree was replaced by a small building. **D)** The tree was severely trimmed.",B,A,a,False,Multiple Choice
519,"In the eastern section of the residential area, has a small, light-colored building been newly constructed in a location that was previously covered by a cluster of trees?",Yes,Yes,yes,True,Yes/No
520,"Has a new house been constructed in the northwestern portion of the area, situated north of the treeline that borders the golf course?",Yes,Yes,yes,True,Yes/No
521,What change occurred in the bottom right corner of the region shown between the two images?  **A)** A building was demolished. **B)** A new building was constructed. **C)** A road was widened. **D)** A forest was replanted.,B,B,b,True,Multiple Choice
522,"Has a new building been constructed in the bottom-left corner of the residential area, where there was previously vacant land?",Yes,Yes,yes,True,Yes/No
523,"In the southern central part of the images, at the edge of the newly developed cul-de-sac, what change has occurred regarding the sidewalk?  **A)** The existing sidewalk was removed to make room for a new building. **B)** A new section of sidewalk was constructed where there was previously only vegetation. **C)** The sidewalk was widened and converted into a bike path. **D)** The sidewalk was replaced by a narrow dirt trail.",B,B,b,True,Multiple Choice
524,Has the athletic field located in the southeast corner of the image been removed and replaced by a building?,Yes,Yes,yes,True,Yes/No
525,"Has the group of small, sparse trees located in the central and eastern portions of the field, to the right of the winding pathway, grown into a larger and denser cluster of green foliage?",Yes,Yes,yes,True,Yes/No
526,"Looking at the upper left corner of the area shown, what significant change can be observed between the two images at the end of the street?  **A)** A residential building was newly constructed on a previously empty lot. **B)** A large tree was removed to clear space for a backyard. **C)** An existing house was demolished, leaving an open field. **D)** A public playground was built for the local community.",A,C,c,False,Multiple Choice
527,"Looking at the cluster of buildings, what change occurred to the structure in the lower-middle area, specifically in the second row from the bottom?  **A)** The building was demolished and the lot remains empty. **B)** The building was replaced by a new structure with a different colored roof. **C)** The building was significantly expanded with a large addition on its side. **D)** The building's orientation was changed from vertical to horizontal.",B,B,b,True,Multiple Choice
528,"In the southwest corner of the area shown, what change occurred regarding the swimming pool?  **A)** A swimming pool was demolished. **B)** A swimming pool was newly constructed. **C)** An existing swimming pool was enlarged. **D)** A swimming pool was converted into a garden plot.",B,B,b,True,Multiple Choice
529,"Has the small tree located on the front lawn, adjacent to the driveway of the house on the western side of the cul-de-sac, grown into a much larger and more prominent tree?",Yes,Yes,yes,True,Yes/No
530,"Looking at the residential area south of the main road, what change has occurred to the swimming pool behind the house in the lower middle section of the image?  **A)** The swimming pool was demolished. **B)** A new swimming pool was constructed. **C)** The existing swimming pool was filled in with soil. **D)** The swimming pool was enlarged and remodeled.",B,A,a,False,Multiple Choice
531,What change occurred to the area located to the east of the road in the middle-right section of the image?  **A)** A building was demolished. **B)** A building was constructed. **C)** A swimming pool was added. **D)** A large parking lot was paved.,B,B,b,True,Multiple Choice
532,"Has a small structure been constructed next to the house in the southeastern corner of the image, at the end of its driveway?",Yes,Yes,yes,True,Yes/No
533,"In the southern section of the residential complex, has a large tree canopy appeared in the open space between the building and the adjacent parking lot?",Yes,Yes,yes,True,Yes/No
534,What change occurred in the upper-right portion of the area between the first and second images?  **A)** A parking lot was removed. **B)** A residential building was constructed. **C)** A cluster of trees was planted. **D)** A road was diverted.,B,B,b,True,Multiple Choice
535,"Has a new residential building been constructed on the previously vacant land, situated just north of the curve in the road near the center of the image?",Yes,Yes,yes,True,Yes/No
536,"Has a new residential building been constructed in the southern portion of the plot, situated just north of the curved roadway?",Yes,Yes,yes,True,Yes/No
537,"Focusing on the bottom-center portion of the images near the newly developed structure, what has happened to the small tree that was previously situated at the edge of the wooded area?  **A)** It has grown significantly larger and more lush. **B)** It has been removed due to construction activity. **C)** It has been relocated further into the woods. **D)** It has been replaced by several smaller shrubs.",B,B,b,True,Multiple Choice
538,"Has a new residential building been constructed in the northwestern section of the area, where there was previously only an open field?",Yes,Yes,yes,True,Yes/No
539,"Has a new rectangular building been constructed to the east of the large, cross-shaped swimming pool in the center of the complex?",Yes,Yes,yes,True,Yes/No
540,Has a new residential building with a dark roof been constructed on the plot of land located east of the north-south road and just south of the intersection with the larger horizontal road?,Yes,Yes,yes,True,Yes/No
541,What transformation has occurred in the bottom-left corner of the area shown in these images?  **A)** A new building was constructed on what was previously wooded land. **B)** A pre-existing structure was demolished to clear space for a road. **C)** A large swimming pool was installed behind an existing house. **D)** An old warehouse was renovated into a residential home.,A,A,a,True,Multiple Choice
542,"Has a new residential building been constructed in the southwestern part of the image, in an area that was previously covered by trees?",Yes,Yes,yes,True,Yes/No
543,"Has a new building with a dark-colored roof been constructed on the light-colored rectangular foundation located in the northeast section of the image, just to the east of another house?",Yes,Yes,yes,True,Yes/No
544,What change can be observed at the road intersection located in the upper portion of the image?  **A)** A crosswalk was added to the pavement. **B)** An existing crosswalk was removed. **C)** The intersection was converted into a roundabout. **D)** Traffic lights were installed at each corner.,A,B,b,False,Multiple Choice
545,"Has a building been newly constructed in the upper-left corner of the area, replacing what was previously a patch of trees?",Yes,Yes,yes,True,Yes/No
546,"Looking at the residential street, what change occurred to the property on the right-hand side near the top of the images?  **A)** A house was built on a previously cleared lot. **B)** An existing house was demolished and replaced by a park. **C)** The building was expanded with a new wing added to the side. **D)** A large swimming pool was installed in the backyard of an existing house.",A,A,a,True,Multiple Choice
547,"Looking at the bottom left area of the images, what change has occurred between the first and second frames?  **A)** A building was demolished. **B)** A new building was constructed. **C)** The area was paved for a parking lot only. **D)** A small park was established.",B,B,b,True,Multiple Choice
548,"Has a new building with a dark-colored roof been constructed in the southern section of the area, in a location that was previously occupied by a cluster of trees?",Yes,Yes,yes,True,Yes/No
549,Has a striped crosswalk been added to the road segment that branches off to the west from the main diagonal road?,Yes,Yes,yes,True,Yes/No
550,Is there a newly constructed paved road running diagonally through the upper half of the area?,Yes,Yes,yes,True,Yes/No
551,"Has a large parking lot filled with numerous vehicles been constructed in the western portion of the area, replacing the previously undeveloped open field next to the residential street?",Yes,Yes,yes,True,Yes/No
552,"In the top-left corner of the area, has a new residential building been constructed on what was previously undeveloped land?",Yes,Yes,yes,True,Yes/No
553,"Along the eastern side of the curved road in the center of the image, what change has occurred at the site of the landscaping?  **A)** A tree has been removed. **B)** A new tree has been planted. **C)** A tree has been replaced by a building. **D)** The tree has been cut down for road widening.",B,A,a,False,Multiple Choice
554,"Looking at the street corner in the bottom right corner of the images, what change occurred to the sidewalk?  **A)** It was demolished. **B)** It was constructed. **C)** It was widened. **D)** It remained unchanged.",A,D,d,False,Multiple Choice
555,"In the front yard of the house located at the northeast corner of the intersection, what change has occurred to the tree?  **A)** A tree was removed. **B)** A tree was planted. **C)** The tree was relocated to the backyard. **D)** The tree was replaced by a stone statue.",B,A,a,False,Multiple Choice
556,"What change is visible regarding the unpaved road that runs horizontally through the center of the image?  **A)** It was replaced by a wide, paved multi-lane highway. **B)** It was removed and transformed into a grassy field. **C)** It was converted into a small residential street. **D)** It was paved but narrowed significantly.",A,A,a,True,Multiple Choice
557,"In the northern portion of the images, near the edge of the residential development, what change occurred regarding the sidewalk?  **A)** It was demolished and replaced with a dirt path. **B)** It was newly constructed on previously forested land. **C)** It was widened to accommodate more foot traffic. **D)** It was removed to allow for the planting of new trees.",B,B,b,True,Multiple Choice
558,"Has a new residential building been constructed in the eastern section of the area, situated at the end of the row of houses along the newly developed street?",Yes,Yes,yes,True,Yes/No
559,"What change occurred in the front yard of the house located on the upper side of the road, three houses from the right edge?  **A)** A car was parked in the driveway. **B)** New trees or large shrubs were planted. **C)** A fence was removed. **D)** The house was expanded.",B,B,b,True,Multiple Choice
560,"In the upper-middle section of the area shown in these images, what change has occurred at the specific location where a house now stands in the second image?  **A)** The existing building was demolished and replaced with a park. **B)** A new residential building has been constructed. **C)** The building's roof was painted a different color. **D)** A large commercial structure was converted into several smaller homes.",B,B,b,True,Multiple Choice
561,"In the backyard of the second house from the left along the northern side of the street, what change has occurred regarding the swimming pool?  **A)** A new swimming pool was constructed. **B)** An existing swimming pool was demolished and filled in. **C)** A swimming pool was covered with a retractable roof. **D)** A large swimming pool was replaced by a smaller ornamental pond.",A,D,d,False,Multiple Choice
562,What change has occurred to the tree in the northwest corner of the images?  **A)** It has grown larger. **B)** It was demolished. **C)** It has been pruned. **D)** It was moved to the center of the new residential area.,B,C,c,False,Multiple Choice
563,"In the southeastern corner of the area, what change can be observed regarding the sidewalk?  **A)** The sidewalk was removed and replaced with bushes. **B)** A new sidewalk was constructed along a new roadway. **C)** The existing sidewalk was repaved with a different material. **D)** The sidewalk was relocated to the opposite side of the road.",B,B,b,True,Multiple Choice
564,What happened to the building located in the center-right portion of the images?  **A)** It was demolished to make room for a field. **B)** It was newly constructed on previously vacant land. **C)** The roof was changed from dark to light gray. **D)** It underwent a major expansion to its rear.,B,B,b,True,Multiple Choice
565,"Has a new residential building been constructed in the northwest section of the image, where there was previously undeveloped land?",Yes,Yes,yes,True,Yes/No
566,"Has a new building been constructed in the southern section of the image, located south of the curved road junction?",Yes,Yes,yes,True,Yes/No
567,"Looking at the residential area on the left side of the image, has a new house been constructed on the previously empty lot located near the middle of the westernmost row of homes?",Yes,Yes,yes,True,Yes/No
568,"In the western portion of the neighborhood, has a large green tree grown on the southern side of the main curving road?",Yes,Yes,yes,True,Yes/No
569,"Looking at the western edge of the area shown, what has occurred to the vegetation that was present in the first image?  **A)** The trees were integrated into a new park area. **B)** They were cleared to make room for residential development. **C)** The vegetation became more dense due to natural growth. **D)** They were replaced by a small pond.",B,B,b,True,Multiple Choice
570,"Has a new residential building been constructed in the southwestern portion of the neighborhood, where there was previously only an empty field?",Yes,Yes,yes,True,Yes/No
571,"Is there a newly constructed residential building in the southwestern portion of the area, replacing what was previously undeveloped land with sparse vegetation?",Yes,Yes,yes,True,Yes/No
572,"Has a new, light-colored trail been constructed in the eastern part of the field, extending from the northern edge and curving to run southwards along the pond's perimeter?",Yes,Yes,yes,True,Yes/No
573,"Has a residential building been constructed in the middle-right section of the area, situated along the newly developed street?",Yes,Yes,yes,True,Yes/No
574,"Has a new paved sidewalk been constructed in the bottom-left corner of the image, running along the edge of the road in front of the residential properties?",Yes,No,no,False,Yes/No
575,"In the upper-middle portion of the image, bordering the northern edge of the horizontal street and the adjacent park area, what addition was made to the landscape?  **A)** A paved sidewalk was constructed. **B)** A row of small trees was planted. **C)** A stone retaining wall was built. **D)** A wooden fence was installed.",A,B,b,False,Multiple Choice
576,"What happened to the sidewalk in the northern part of the image, along the side of the vertical road?  **A)** It was repaved with cobblestones. **B)** It was demolished. **C)** It was extended to the intersection. **D)** It was painted with yellow stripes.",B,C,c,False,Multiple Choice
577,Which of the following best describes the level of scene consistency between the two provided images?  **A)** Significant global alteration throughout the captured area. **B)** High level of visual parity and structural stability. **C)** Moderate temporal deviation in the overall composition. **D)** Subtle but widespread visual shift across the landscape.,B,B,b,True,Multiple Choice
578,What change has occurred to the swimming pool in the backyard of the house located at the northeastern edge of the cul-de-sac?  **A)** It was newly built. **B)** It was demolished. **C)** It was covered with a permanent roof. **D)** It was converted into a garden area.,A,A,a,True,Multiple Choice
579,"Looking at the area located south of the large building with the orange roof and west of the winding blue water channel, what change has occurred to the structures at this location?  **A)** Existing structures were demolished. **B)** Several new small buildings with purple roofs were constructed. **C)** The buildings were repainted and had their landscaping removed. **D)** Large additions were built onto existing residential homes.",B,B,b,True,Multiple Choice
580,Has a new residential building been constructed in the northern portion of the row of houses that borders the open field to the east?,Yes,No,no,False,Yes/No
581,Has a new residential building been constructed on the empty lot located along the inner curve of the road in the western section of the image?,Yes,Yes,yes,True,Yes/No
582,"Looking at the area towards the bottom center of the images, what change can be observed regarding the building at that site?  **A)** An existing building was demolished. **B)** A new residential building was constructed. **C)** The roof of the building was replaced with a different material. **D)** An extension was added to the back of the building.",B,B,b,True,Multiple Choice
583,"Looking at the upper-central part of the images, what change has occurred regarding the swimming pool next to the house?  **A)** It was demolished and replaced with vegetation. **B)** It was newly constructed where there was previously undeveloped land. **C)** It was converted into a decorative pond. **D)** It was reduced in size to make room for a patio.",B,B,b,True,Multiple Choice
584,"Has a new building been constructed in the bottom left corner of the scene, adjacent to the horizontal road at the bottom?",Yes,Yes,yes,True,Yes/No
585,"In the front yard of the house located near the center of the neighborhood, adjacent to the diagonal road, what change has occurred to the tree over time?  **A)** It was cut down to make room for parking. **B)** It has grown and developed a larger canopy. **C)** It was replaced by a decorative bush. **D)** It was uprooted during a storm.",B,B,b,True,Multiple Choice
586,"Looking at the lower-left corner of the images, what major change occurred regarding structures at that location?  **A)** A building was completely demolished to make room for a field. **B)** A new house was built where there was previously only vegetation. **C)** The existing building's roof was replaced with a new color. **D)** A large swimming pool was installed behind an existing house.",B,B,b,True,Multiple Choice
587,"Has a new residential house been constructed in the lower-central part of the image, situated at the end of a cul-de-sac?",Yes,Yes,yes,True,Yes/No
588,"What change can be observed at the lot on the western edge of the middle row of houses?  **A)** A house was demolished, leaving a vacant lot. **B)** A new house was constructed. **C)** An existing building's roof was replaced with a different material. **D)** A swimming pool was installed in the backyard.",B,A,a,False,Multiple Choice
589,"In the lower right corner of the images, what change is observed regarding the building at that location?  **A)** A new building was constructed. **B)** An existing building was demolished. **C)** The building's roof was replaced. **D)** The building was expanded with a new wing.",A,B,b,False,Multiple Choice
590,"Has a new building been constructed in the southeast corner of the development, where there was previously only undeveloped land?",Yes,Yes,yes,True,Yes/No
591,"Has a large building with a white roof been constructed in the southeastern corner of the area, replacing what was previously an open grassy field?",Yes,Yes,yes,True,Yes/No
592,"Has a newly paved road been constructed in the eastern section of the image, providing access to a new residential development where there was previously only open, arid land?",Yes,Yes,yes,True,Yes/No
593,What change has occurred to the building located in the upper right corner of the images?  **A)** The building was demolished. **B)** A new building was constructed. **C)** The building's roof was replaced. **D)** A large addition was built onto an existing structure.,B,D,d,False,Multiple Choice
594,"In the backyard of the house located at the bottom of the image, near the boundary with the open field, what change can be observed between the two images?  **A)** A new swimming pool was installed. **B)** A tree has grown or been planted. **C)** A storage shed has been constructed. **D)** The perimeter fence has been removed.",B,B,b,True,Multiple Choice
595,"Has a large, full-canopy green tree grown on the east side of the central north-south road, situated just south of the intersection?",Yes,Yes,yes,True,Yes/No
596,What change is observed regarding the paved road in the lower right quadrant of the images?  **A)** A paved road has been newly constructed in what was previously natural scrubland. **B)** A paved road was demolished and replaced with a grassy field. **C)** A pre-existing paved road was widened to accommodate more traffic lanes. **D)** The paved road was removed and converted into a dirt hiking trail.,A,A,a,True,Multiple Choice
597,"Has a tree been planted in the northwestern lot of the residential block, adjacent to the cul-de-sac?",Yes,Yes,yes,True,Yes/No
598,"Looking at the northwest corner of the site, what change has occurred between the two images?  **A)** A building was demolished. **B)** A new residential building was constructed. **C)** A parking lot was paved. **D)** The area was cleared of trees but left undeveloped.",B,A,a,False,Multiple Choice
599,"Has a new residential building been constructed in the upper-right section of the image, at the end of the row of houses near the street corner?",Yes,Yes,yes,True,Yes/No
600,"Along the curve of the road in the bottom-left portion of the image, what change has occurred regarding the sidewalk?  **A)** A new sidewalk has been constructed where there was previously only vegetation. **B)** An existing sidewalk was demolished during road expansion. **C)** The sidewalk was replaced with a dirt trail. **D)** The sidewalk was widened to include a designated bike lane.",A,A,a,True,Multiple Choice
601,Has a new swimming pool been constructed in the backyard area located in the southwestern section of the property?,Yes,Yes,yes,True,Yes/No
602,"In the southern section of the image, has a new residential building been constructed at the bottom of the newly formed cul-de-sac where there was previously only vegetation?",Yes,Yes,yes,True,Yes/No
603,"Has the small, bright white structure located in the backyard of a property in the southeastern quadrant of the image been demolished?",Yes,Yes,yes,True,Yes/No
604,What change is visible in the northwest corner of the area shown in these images?  **A)** A building was demolished. **B)** A new building was constructed. **C)** A forest was cleared for farming. **D)** A pond was excavated.,B,B,b,True,Multiple Choice
605,Have multiple residential buildings been newly constructed in the southwestern part of the scene on land that was formerly a mix of trees and cleared ground?,Yes,Yes,yes,True,Yes/No
606,Has a paved sidewalk been newly constructed along the southern edge of the road in the eastern section of the image?,Yes,Yes,yes,True,Yes/No
607,"In the top-left quadrant of the image, has the tree in the front yard of the house on the southern side of the east-west road grown significantly in size?",Yes,Yes,yes,True,Yes/No
608,What transformation happened to the unpaved road in the eastern section of the image?  **A)** It was paved and became part of a residential neighborhood. **B)** It was destroyed to make room for a water treatment plant. **C)** It was widened but remained unpaved to serve as a fire break. **D)** It was removed to restore the area to its natural state.,A,A,a,True,Multiple Choice
609,"What change has occurred regarding the swimming pool located near the bottom edge of the image, adjacent to the wooded area?  **A)** It has been removed and replaced with a patio. **B)** It was newly constructed as part of a residential development. **C)** It has undergone a significant change in its water level. **D)** It was covered by a new permanent structure.",B,B,b,True,Multiple Choice
610,"Looking at the area to the east of the main vertical road and south of the intersecting road on the right, what change has occurred between the two time periods?  **A)** A new building has been constructed. **B)** A pre-existing building was demolished. **C)** The land was paved over to create a new parking area. **D)** The area was cleared of trees but remained undeveloped.",A,A,a,True,Multiple Choice
611,"In the southeastern part of the residential area, has a new building been constructed where there was previously undeveloped land?",Yes,Yes,yes,True,Yes/No
612,"Has a small, dark-roofed structure or gazebo been newly constructed in the eastern section of the area, situated adjacent to a paved walkway and near a circular playground feature?",Yes,Yes,yes,True,Yes/No
613,"In the bottom-left corner of the area shown, has a new residential building been constructed on a site that was previously covered by dense forest?",Yes,Yes,yes,True,Yes/No
614,Is there a newly constructed building in the southwestern part of the image where there was previously an empty plot of land?,Yes,Yes,yes,True,Yes/No
615,"Has a new paved cul-de-sac been constructed in the northeast corner of the area, replacing the previously existing natural vegetation?",Yes,Yes,yes,True,Yes/No
616,"Has a new sidewalk been constructed in the southwestern section of the area, running parallel to the road near the edge of the residential development?",Yes,Yes,yes,True,Yes/No
617,Has a sidewalk been newly constructed along the eastern edge of the street leading into the cul-de-sac?,Yes,Yes,yes,True,Yes/No
618,"In the eastern portion of the site, have several trees been removed to make way for land clearing and new construction activity?",Yes,Yes,yes,True,Yes/No
619,"Has a new building been constructed in the central-left portion of the image, situated within a row of houses along a street where previously there was only undeveloped land?",Yes,Yes,yes,True,Yes/No
620,"Has the cluster of trees located in the northwestern part of the property, just north of the small green lawn, been removed?",Yes,Yes,yes,True,Yes/No
621,"Has a new building been constructed in the central part of the area, situated along the northeast side of the cul-de-sac?",Yes,Yes,yes,True,Yes/No
622,"At the bottom center of the images, what change has occurred to the sidewalk?  **A)** It was newly constructed. **B)** It was demolished and replaced with vegetation. **C)** It was widened to accommodate a bicycle lane. **D)** It was painted with a new decorative pattern.",A,B,b,False,Multiple Choice
623,"Has a building been newly constructed in the northwest corner of the image, situated north of the main east-west road?",Yes,Yes,yes,True,Yes/No
624,"Has a new, large building been constructed in the northwest section of the complex, occupying the previously open field area north of the paved paths?",Yes,Yes,yes,True,Yes/No
625,"Focusing on the row of properties at the top of the image, what change has occurred on the plot at the far right?  **A)** A new house has been built on the previously empty lot. **B)** An existing building has been completely removed. **C)** The property has been converted into a paved parking area. **D)** The original building's roof has been replaced with a different material.",A,A,a,True,Multiple Choice
626,"Has a new building been constructed in the southwestern corner of the image, in an area that was previously vacant and located to the west of the winding white path?",Yes,Yes,yes,True,Yes/No
627,"Along the northwestern side of the diagonal road, roughly midway between the left edge and the center of the image, what change is observed regarding the sidewalk?  **A)** It was demolished and replaced with a grass lawn. **B)** It was newly constructed where there was previously bare earth. **C)** It was narrowed to allow for the expansion of the road. **D)** it was painted with bright white safety markings.",B,B,b,True,Multiple Choice
628,"What change can be observed regarding the tree in the backyard of the house located in the bottom-left corner of the neighborhood?  **A)** The tree was removed and replaced with a garden shed. **B)** The tree grew significantly, forming a large and dense green canopy. **C)** The tree was cut down, leaving only a stump. **D)** The tree was relocated from the backyard to the front driveway.",B,B,b,True,Multiple Choice
629,"Has a new residential building with a dark grey roof been constructed in the northeastern quadrant of the area, situated between the remaining forest and a curved road?",Yes,Yes,yes,True,Yes/No
630,"In the southeastern part of the central residential block, what change can be observed between the two images?  **A)** A building was removed. **B)** A new building was constructed. **C)** The area was converted into a park. **D)** A large parking lot was added.",B,B,b,True,Multiple Choice
631,"On the western side of the residential area, adjacent to the diagonal road, what change occurred regarding the tree at that location?  **A)** It was planted. **B)** It was cut down. **C)** It was relocated to a different yard. **D)** It remained unchanged throughout the development.",A,B,b,False,Multiple Choice
632,"In the northern portion of the area shown, what is the nature of the change regarding the parking lot?  **A)** It was demolished and returned to a natural state. **B)** It was newly constructed where there was previously forest. **C)** It was reduced in size to accommodate more landscaping. **D)** It was repaved and restriped but its size remained the same.",B,B,b,True,Multiple Choice
633,"Looking at the southwestern portion of the imagery, what change has occurred regarding the sidewalk?  **A)** It was demolished. **B)** It was newly constructed. **C)** It was narrowed to allow for more landscaping. **D)** It was repaved with a darker material.",B,A,a,False,Multiple Choice
634,"What change is evident in the paved road running along the western side of the image, near the white water tower?  **A)** It was demolished and replaced with vegetation. **B)** It was newly paved, appearing much darker and more defined. **C)** It was widened to accommodate more lanes of traffic. **D)** It was redirected to pass under a newly constructed bridge.",B,B,b,True,Multiple Choice
635,Has the parking lot located in the southeastern corner of the image seen a significant reduction in the number of parked vehicles?,Yes,Yes,yes,True,Yes/No
636,"Has the tree located in the northeastern portion of the clearing, just south of the curved road, been removed to make way for residential construction?",Yes,Yes,yes,True,Yes/No
637,Have several trees from the row bordering the western side of the main north-south road been removed?,Yes,Yes,yes,True,Yes/No
638,What change can be seen in the center of the image between the two time periods?  **A)** A building was demolished. **B)** A new building was constructed. **C)** A new road was built. **D)** A swimming pool was installed.,B,B,b,True,Multiple Choice
639,"Looking at the bottom-left corner of the provided images, what is the nature of the change regarding the building at that location?  **A)** The building was completely demolished. **B)** A new building was constructed. **C)** The roof of an existing building was replaced. **D)** An extension was added to an existing building.",B,B,b,True,Multiple Choice
640,"In the northeast corner of the property, what significant change has occurred between the two images?  **A)** A building was demolished. **B)** New residential buildings were constructed. **C)** A large parking lot was paved. **D)** A forest was cleared for a park.",B,B,b,True,Multiple Choice
641,"In the northern section of the area, near the transition from the early development to the fully built-out neighborhood, what change occurred regarding the sidewalk?  **A)** It was demolished to make way for a road. **B)** It was newly constructed as part of the development. **C)** it was removed and replaced with a garden bed. **D)** It was narrowed to increase the size of the adjacent driveways.",B,B,b,True,Multiple Choice
642,Has the unpaved road running horizontally across the upper portion of the area been replaced by a paved residential street?,Yes,Yes,yes,True,Yes/No
643,"Looking at the northernmost part of the scene, what significant change has occurred regarding the building development between the two images?  **A)** A building was demolished and replaced by a grassy area. **B)** An existing building underwent a major roof renovation. **C)** A new building has been constructed where there was previously undeveloped land and trees. **D)** A large parking lot was built over an existing structure.",C,C,c,True,Multiple Choice
644,What change can be observed at the property located at the far right end of the top row of houses?  **A)** A new building was constructed. **B)** The existing building was demolished. **C)** The property was converted into a park. **D)** A large extension was added to the existing house.,A,D,d,False,Multiple Choice
645,"Between the two images, what happened to the small tree located in the lower central part of the area, just to the east of the main curving road?  **A)** It grew significantly larger and became part of a backyard. **B)** It was cleared to make way for the construction of a house. **C)** It was preserved and remains in the same spot within a new park. **D)** It was relocated to the edge of the straight road on the far right.",B,B,b,True,Multiple Choice
646,"In the southeastern portion of the site, has the small cluster of trees been removed and replaced by a paved parking area?",Yes,Yes,yes,True,Yes/No
647,Has a new paved road ending in a circular cul-de-sac been constructed in the center-right portion of the terrain?,Yes,Yes,yes,True,Yes/No
648,What change occurred to the tree located in the far northwest corner of the images?  **A)** It was removed to make way for a new road and residential development. **B)** It was preserved and integrated into the new landscaping. **C)** It grew significantly in height and canopy width. **D)** It was moved to a location closer to the large blue-roofed building.,A,A,a,True,Multiple Choice
649,What change is observed in the western part of the images at the site of the house in the upper left quadrant of the residential development?  **A)** A new building was constructed. **B)** An existing building was demolished. **C)** The land was cleared for a new road. **D)** A garden was replaced by a swimming pool.,A,B,b,False,Multiple Choice
650,"In the southeast corner of the image, have several trees been added to the front yard of the house situated at the street intersection?",Yes,Yes,yes,True,Yes/No
651,"On the far right edge of the scene, what change has occurred regarding the building structure?  **A)** A new building was constructed. **B)** The existing building was demolished. **C)** The building underwent a roof replacement. **D)** There was no change to the building.",A,D,d,False,Multiple Choice
652,"In the lower-right corner of the residential area shown, what significant change has occurred to the property between the two images?  **A)** A new house was constructed on a previously undeveloped lot. **B)** A house was demolished and replaced with a garden. **C)** The existing building was expanded with a second story. **D)** A large swimming pool was installed in the backyard.",A,A,a,True,Multiple Choice
653,"Has a new building with a clearly defined roof been constructed in the southern section of the scene, located south of the curving dirt path that borders the pond?",Yes,Yes,yes,True,Yes/No
654,"Focusing on the northwest corner of the images, what is the most notable change regarding buildings that has occurred?  **A)** A new building has been constructed on what was previously natural, vegetated land. **B)** An existing building was demolished to make space for a new residential street. **C)** The roof of a pre-existing building was renovated and changed to a darker color. **D)** A large extension was added to the side of an original farmhouse.",A,A,a,True,Multiple Choice
655,"Has a new residential building been constructed in the northwest portion of the image, replacing what was previously an open field area?",Yes,Yes,yes,True,Yes/No
656,"What change is visible regarding the tree located at the corner of the property at the curve of the cul-de-sac in the upper middle section of the image?  **A)** The tree has been removed and replaced with grass. **B)** The tree has grown significantly larger and has a fuller canopy. **C)** The tree has been cut down, leaving only a small stump. **D)** The tree was replaced by a paved parking area.",B,B,b,True,Multiple Choice
657,"Looking at the middle-left portion of the residential area shown in the second image, what change has occurred at that specific site compared to the first image?  **A)** A pre-existing building was demolished. **B)** A new building was constructed on formerly undeveloped land. **C)** The roof of the house was renovated with a different material. **D)** A large garden was replaced by a paved driveway.",B,B,b,True,Multiple Choice
658,What significant change has occurred in the lower-central portion of the second image compared to the first image?  **A)** A large warehouse was demolished. **B)** A new residential house was constructed on a previously empty lot. **C)** A swimming pool was removed from a backyard. **D)** A forested area was cleared to create a new road.,B,B,b,True,Multiple Choice
659,"Looking at the northeastern section of the original lot, what happened to the tree that was previously located there?  **A)** It was removed for the construction of a new building. **B)** It has been integrated into the new parking lot design. **C)** It was relocated to the southern edge of the property. **D)** It grew significantly larger and is now providing shade for the new structure.",A,A,a,True,Multiple Choice
660,"In the eastern section of the neighborhood, along the right side of the curved residential street, what change has occurred regarding the sidewalk?  **A)** A section of the sidewalk was demolished. **B)** The sidewalk has been newly constructed. **C)** The sidewalk was repainted with markings. **D)** The sidewalk was replaced with a grassy area.",B,A,a,False,Multiple Choice
661,"In the bottom right corner of the imagery, what change has occurred regarding a building?  **A)** A building was demolished. **B)** A building was newly constructed. **C)** A building was significantly expanded. **D)** A building was relocated.",B,A,a,False,Multiple Choice
662,"Has a new building been constructed in the top-left quadrant of the image, situated near the bend in the road?",Yes,No,no,False,Yes/No
663,"In the southwestern corner of the image, south of the main horizontal road, has a new group of trees been planted?",Yes,No,no,False,Yes/No
664,"Have the trees located in the western portion of the scene, south of the main intersection, been removed?",Yes,Yes,yes,True,Yes/No
665,"What change has occurred to the plot of land situated on the northern side of the street, just east of the cul-de-sac?  **A)** A building was demolished. **B)** A new building was constructed. **C)** A swimming pool was added. **D)** The land was cleared of vegetation.",B,B,b,True,Multiple Choice
666,Has a new residential building been constructed in the southern part of the area that was previously covered by dense trees?,Yes,Yes,yes,True,Yes/No
667,What change can be observed in the lower portion of the area shown in these images?  **A)** Several new residential buildings were constructed. **B)** A series of old houses were demolished. **C)** The existing buildings in this area underwent major roof renovations. **D)** A large industrial complex was removed to make way for a park.,A,A,a,True,Multiple Choice
668,"Has the lone tree located in the upper-left quadrant, to the west of the winding dirt path, been cleared for the construction of a building?",Yes,No,no,False,Yes/No
669,What change can be observed regarding the swimming pool in the backyard of the third house from the top on the right side of the main vertical road?  **A)** A swimming pool was constructed. **B)** A swimming pool was demolished. **C)** A swimming pool was converted into a garden. **D)** The swimming pool was moved to the front of the house.,A,A,a,True,Multiple Choice
670,"Has the small tree located in the southeastern corner of the wooded area, near the edge of the property, been removed and replaced by a paved road or sidewalk as part of a new residential development?",Yes,No,no,False,Yes/No
671,"Looking at the lower-left corner of the area, adjacent to the road, what change has occurred between the two images?  **A)** A building was demolished. **B)** A new building was constructed. **C)** The road was widened. **D)** A park was created in the empty lot.",B,B,b,True,Multiple Choice
672,Is there a significant global alteration detectable across these two captures?,No,Yes,yes,False,Yes/No
673,"In the upper central portion of the image, what change occurred to the specific plot of land adjacent to the road running diagonally from the top left?  **A)** A new residential building was constructed. **B)** A pre-existing building was completely demolished. **C)** A large commercial warehouse was built. **D)** The area was converted into a paved parking lot.",A,A,a,True,Multiple Choice
674,"Has a new building been constructed in the northwestern part of the area, situated along the western curve of the residential street where there was previously an open field?",Yes,Yes,yes,True,Yes/No
675,Has a section of sidewalk been newly constructed along the southern edge of the east-west road located at the bottom center of the image?,Yes,Yes,yes,True,Yes/No
676,"Looking at the northwestern corner of the area, what happened to the tree that was originally there?  **A)** It was integrated into a new park. **B)** It was removed as part of road construction. **C)** It was replaced by a larger group of trees. **D)** It remained preserved while the surrounding area was cleared.",B,B,b,True,Multiple Choice
677,What happened to the tree located in the northwest corner of the images?  **A)** It grew significantly. **B)** It was demolished. **C)** It was replaced by a larger grove. **D)** It was relocated to the opposite side of the road.,B,B,b,True,Multiple Choice
678,"Has the large, dense evergreen tree in the northwestern part of the area been cleared to make way for the development of a new road and its adjacent landscaped border?",Yes,Yes,yes,True,Yes/No
679,How would you characterize the level of visual parity and scene consistency between these two captures?  **A)** Significant global alteration across the entire frame. **B)** High degree of temporal coherence and structural stability. **C)** Moderate spatial variance and configuration shift. **D)** Frequent localized deviations from the original state.,B),B,b,True,Multiple Choice
680,"In the southeastern portion of the residential development, has a tree been added to the front yard of the house located on the western side of the main road?",Yes,Yes,yes,True,Yes/No
681,"Has the small tree located in the southwestern corner of the image, along the western edge of the property, been removed?",Yes,Yes,yes,True,Yes/No
682,"Has a new residential building been constructed in the northwest corner of the image, in the area that was previously a vacant lot west of the primary north-south road?",Yes,Yes,yes,True,Yes/No
683,"Focusing on the tree in the middle-right section of the first image, what is its status in the second image?  **A)** It is still present but surrounded by a paved road. **B)** It has been replaced by a residential building. **C)** It has been replaced by a swimming pool. **D)** It has grown significantly larger.",B,B,b,True,Multiple Choice
684,What change has occurred to the sidewalk at the street corner on the far right side of the images?  **A)** It was demolished and replaced with a dirt path. **B)** It was newly constructed as part of the area's development. **C)** It was widened and painted with green bike lane markings. **D)** It was narrowed to create additional space for the road.,B,B,b,True,Multiple Choice
685,"What change occurred to the property in the bottom-left portion of the image, along the residential street?  **A)** A new house was constructed. **B)** An existing building was demolished. **C)** A swimming pool was added to the backyard. **D)** The area was paved for a new parking lot.",A,D,d,False,Multiple Choice
686,"In the southeastern portion of the image, has a tree been planted or grown in the yard space next to the driveway of the house located on the right side of the street?",Yes,Yes,yes,True,Yes/No
687,"Has a new residential building been constructed on the previously vacant land in the upper-left quadrant of the image, adjacent to the curved street?",Yes,Yes,yes,True,Yes/No
688,"Has a new residential building been constructed in the northwest corner of the neighborhood, on the site that was previously a cleared dirt lot adjacent to the wooded area?",Yes,Yes,yes,True,Yes/No
689,Has a blue swimming pool been newly constructed in the backyard of the house situated on the eastern side of the main road that runs through the center of the image?,Yes,Yes,yes,True,Yes/No
690,What change has taken place on the lot located in the bottom-left corner of the residential street?  **A)** A new house has been constructed on the site. **B)** An existing building has been demolished. **C)** The area has been converted into a paved parking lot. **D)** A dense cluster of trees has been planted.,A,A,a,True,Multiple Choice
691,"Has a new building been constructed in the southeastern section of the image, where there was previously only open terrain?",Yes,Yes,yes,True,Yes/No
692,"Look at the front yard of the house on the far west side of the image, situated along the main road that curves through the center. What change is evident regarding the tree in that yard?  **A)** The tree has been removed and replaced with a flower bed. **B)** The tree has grown significantly larger. **C)** The tree was replaced with a street lamp. **D)** A small shed was built where the tree once stood.",B,A,a,False,Multiple Choice
693,"In the northeastern section of the area, have the trees been removed and replaced with newly constructed residential houses?",Yes,Yes,yes,True,Yes/No
694,Has a new building been constructed on the vacant lot in the southeastern corner of this neighborhood?,Yes,Yes,yes,True,Yes/No
695,"What change occurred in the backyard of the house located at the top of the cul-de-sac, adjacent to the main road?  **A)** A detached garage was built. **B)** A new swimming pool was constructed. **C)** A large garden shed was added. **D)** An existing pool was filled in with dirt.",B,B,b,True,Multiple Choice
696,What has happened to the tree located in the lower-middle section of the original field between the two images?  **A)** It was replaced by a new building structure. **B)** It was removed during the construction of the parking lot. **C)** It was integrated into a new park area. **D)** It has remained untouched despite nearby development.,B,B,b,True,Multiple Choice
697,"Has a network of paved roads, including a prominent cul-de-sac, been constructed in the central and lower portions of the image where there were previously only dirt tracks?",Yes,Yes,yes,True,Yes/No
698,Which of the following best characterizes the temporal relationship between the two provided scenes?  **A)** Significant structural deviation over time. **B)** High degree of visual parity and scene consistency. **C)** Moderate level of global alteration. **D)** Pronounced temporal variance across the frames.,B,B,b,True,Multiple Choice
699,"Has a new residential building been constructed on the previously vacant lot in the southeastern section of the development, situated along the outer edge of the curved road?",Yes,Yes,yes,True,Yes/No
700,"In the area along the eastern edge of the north-south road, south of the intersection, what change can be observed regarding the sidewalk?  **A)** A new concrete sidewalk has been constructed. **B)** The sidewalk was removed to expand the adjacent lawn. **C)** The sidewalk was converted from concrete to an unpaved dirt path. **D)** A bike lane was added to the existing sidewalk, doubling its width.",A,A,a,True,Multiple Choice
701,"Has a new building been constructed in the bottom-right corner of the area, positioned at the end of a row of houses along the southern edge of the field?",Yes,Yes,yes,True,Yes/No
702,"In the northern section of the image, along the road running down the left side, has a new building been constructed on the previously vacant plot of land?",Yes,Yes,yes,True,Yes/No
703,"What change occurred to the property located on the eastern side of the curved road, near the bottom right of the area shown?  **A)** A house was demolished to make room for a park. **B)** A new house was constructed where there was previously forest. **C)** The existing building was expanded with a new wing. **D)** A large parking lot was paved over the green space.",B,B,b,True,Multiple Choice
704,"In the northern-central section of the residential area, has a tree grown in the backyard of a house situated between the two main north-south roads?",Yes,Yes,yes,True,Yes/No
705,Has a new sidewalk been constructed along the perimeter of the paved lot at the intersection in the lower-central part of the image?,Yes,Yes,yes,True,Yes/No
706,"Has a new residential building been constructed in the northwest corner of the site, where there was previously undeveloped land?",Yes,Yes,yes,True,Yes/No
707,What change is observed in the previously undeveloped land on the western side of the residential block between the two images?  **A)** A new residential building was constructed. **B)** A swimming pool was installed in a backyard. **C)** An existing building was demolished. **D)** A new road was paved through the field.,A,B,b,False,Multiple Choice
708,"Has the unpaved road in the southeastern section of the area, previously running parallel to the paved road on the right, been replaced by a newly constructed residential property featuring a house and a pool?",Yes,Yes,yes,True,Yes/No
709,Has the tree located in the northeastern section of the wooded area been removed following the clearing of the land for new development?,Yes,Yes,yes,True,Yes/No
710,Has a new residential building been constructed on the previously vacant lot located to the northwest of the circular cul-de-sac?,Yes,Yes,yes,True,Yes/No
711,"Is there a newly constructed residential building in the lower-right quadrant of the area, situated within a row of suburban houses?",Yes,Yes,yes,True,Yes/No
712,"Looking at the northern end of the long driveway in the top-center portion of the image, what change has occurred between the two points in time?  **A)** A building was demolished. **B)** A building was newly constructed. **C)** The driveway was shortened. **D)** A swimming pool was installed.",B,B,b,True,Multiple Choice
713,What change can be observed regarding the tree in the top right corner of the image?  **A)** It was removed. **B)** It has been replaced by a new structure. **C)** More vegetation has grown around it. **D)** It has remained unchanged.,A,D,d,False,Multiple Choice
714,What change can be observed in the lower-right area of the imagery regarding building development?  **A)** A new building has been constructed. **B)** An existing building has been demolished. **C)** The building's roof color has been changed. **D)** A large addition has been added to an existing building.,A,A,a,True,Multiple Choice
715,"Looking at the front yard of the third house from the top on the eastern side of the north-south road, what change has occurred to the tree located there between the two images?  **A)** The tree has been removed. **B)** The tree has grown significantly in size. **C)** The tree has been replaced by a lamppost. **D)** The tree has died and lost its leaves.",B,A,a,False,Multiple Choice
716,"In the northern section of the image, has a new circular paved road or cul-de-sac been constructed where there was once a dense area of trees?",Yes,Yes,yes,True,Yes/No
717,"In the central area of the image, has a paved road been constructed to provide access to a newly built residential development where previously there was only undeveloped land?",Yes,Yes,yes,True,Yes/No
718,"In the median strip of the main north-south road, south of the intersection, have the small trees grown significantly larger and developed denser foliage?",Yes,Yes,yes,True,Yes/No
719,Has the tree in the northeastern section of the landscape been removed to make way for the construction of a new residential house?,Yes,Yes,yes,True,Yes/No
720,"Has a new residential building been constructed in the northeastern quadrant of the area, situated along the upper side of the residential street?",Yes,Yes,yes,True,Yes/No
721,"Looking at the northwest corner of the images, what change has occurred to the building at that location?  **A)** The building was demolished. **B)** A new building was constructed. **C)** The building underwent a major renovation. **D)** Part of the building was removed to make room for a road.",B,A,a,False,Multiple Choice
722,"In the northwest section of the area shown, what change occurred regarding the structure between the first and second images?  **A)** A building was demolished. **B)** A new building was constructed. **C)** The building's roof was replaced. **D)** A large addition was built onto an existing structure.",B,B,b,True,Multiple Choice
723,"Has a sidewalk been newly constructed in the western section of the image, following the curve of the residential road?",Yes,Yes,yes,True,Yes/No
724,Has a sidewalk been constructed at the corner of the intersection in the northwest quadrant of the image?,Yes,Yes,yes,True,Yes/No
725,"Has a new residential building been constructed in the southwestern section of the image, replacing what was previously a densely wooded area?",Yes,Yes,yes,True,Yes/No
726,"Has a tree been removed from the northwest corner of the residential area, located adjacent to the road?",Yes,Yes,yes,True,Yes/No
727,"Has a new building been constructed in the northern portion of the image, in an area that was previously covered by dense tree foliage?",Yes,Yes,yes,True,Yes/No
728,"Looking at the bottom-center of the images at the street corner of the newly developed residential area, what change has occurred to the sidewalk?  **A)** A new section of sidewalk was constructed. **B)** A sidewalk was demolished and replaced with grass. **C)** The sidewalk was moved further away from the road. **D)** The sidewalk was painted with crosswalk markings.",A,A,a,True,Multiple Choice
729,"In the bottom right corner of the images, what is the primary change regarding the building at this location?  **A)** It was newly constructed. **B)** It was completely demolished. **C)** It underwent a significant expansion. **D)** It was replaced by a public park.",A,A,a,True,Multiple Choice
730,"Looking at the northeast corner of the scene, has a new building been constructed in the area that was previously undeveloped land with sparse vegetation?",Yes,Yes,yes,True,Yes/No
731,"In the undeveloped lot on the right side of the images, adjacent to the road, what happened to the trees and vegetation?  **A)** They were replaced by a paved parking lot. **B)** They were removed to make way for the construction of a new house. **C)** They were integrated into a newly designed community park. **D)** They were cut down to allow for the widening of the road.",B,B,b,True,Multiple Choice
732,"Has a new residential building been constructed in the western portion of the area, situated at the end of a cul-de-sac, where there was previously undeveloped field?",Yes,Yes,yes,True,Yes/No
733,"In the northeast corner of the residential development, has a new sidewalk been constructed along the perimeter of the corner lot?",Yes,Yes,yes,True,Yes/No
734,What change can be observed at the property located in the lower-left section of the residential area between the two images?  **A)** A new house was constructed on a previously vacant plot of land. **B)** An existing residential building was completely demolished. **C)** A large swimming pool was added to the backyard of the house. **D)** The surrounding vegetation was removed to expand the driveway.,A,A,a,True,Multiple Choice
735,"Has a series of new residential buildings been constructed in the northern section of the area, where there was previously undeveloped land?",Yes,Yes,yes,True,Yes/No
736,"Looking at the upper half of the first image, an unpaved road is visible cutting through the trees. What has happened to this road in the second image?  **A)** It was paved and turned into a main boulevard. **B)** It was demolished to make space for residential buildings. **C)** It remains unchanged and is still used for access. **D)** It was relocated to the bottom edge of the frame.",B,B,b,True,Multiple Choice
737,"In the eastern section of the image, to the right of the central pond, has a dense cluster of trees appeared?",Yes,No,no,False,Yes/No
738,"Looking at the upper right quadrant of the area shown, what change occurred between the two points in time?  **A)** A residential building was constructed. **B)** An existing house was demolished. **C)** A large patch of forest was cleared. **D)** A paved parking lot was removed.",A,A,a,True,Multiple Choice
739,"What change can be observed in the southwest corner of the area shown in the images?  **A)** A building was demolished, leaving an empty lot. **B)** A new building has been constructed where there was previously undeveloped land. **C)** The roof of the building was changed from a dark color to a lighter one. **D)** A large patch of trees was cleared to make way for a road.",B,A,a,False,Multiple Choice
740,"In the lower-left section of the residential area, has a paved sidewalk been constructed along the curve of the street corner?",Yes,Yes,yes,True,Yes/No
741,"Has a new building been constructed in the eastern portion of the image, north of the road and adjacent to a driveway?",Yes,Yes,yes,True,Yes/No
742,"Has the tree situated in the southwest corner of the image, adjacent to the white dirt path, been removed?",Yes,Yes,yes,True,Yes/No
743,"Looking at the area near the top center of the images, what significant change has occurred regarding the structures?  **A)** A house was completely demolished, leaving a vacant lot. **B)** A new residential building has been constructed on previously undeveloped land. **C)** An existing building was expanded with a new wing. **D)** The color of the roof on a pre-existing house was changed during a renovation.",B,A,a,False,Multiple Choice
744,"In the northeast corner of the area, near the end of the newly developed cul-de-sac, what change has occurred to the land in terms of building structures?  **A)** A building was demolished to create open space. **B)** A new building has been constructed on what was previously undeveloped land. **C)** An existing building was expanded with a large addition. **D)** The building was removed to make room for a paved parking lot.",B,B,b,True,Multiple Choice
745,What change is observed regarding the building status in the bottom-center of the images?  **A)** A new building was constructed. **B)** An existing building was demolished. **C)** A building was relocated to another part of the lot. **D)** A building was renovated and its footprint expanded.,A,A,a,True,Multiple Choice
746,"Has a new residential house been constructed in the bottom-left corner of the area, adjacent to the diagonal road?",Yes,Yes,yes,True,Yes/No
747,"In the top-left quadrant of the area, has the previously existing dirt trail been replaced by a residential development featuring new houses and paved streets?",Yes,Yes,yes,True,Yes/No
748,"In the bottom-left corner of the images, what change has occurred regarding the building at that location?  **A)** It was newly constructed. **B)** It was completely demolished. **C)** A second story was added to the existing structure. **D)** The roof was repainted a different color.",A,B,b,False,Multiple Choice
749,What change occurred to the sidewalk located along the vertical road in the upper right corner of the image?  **A)** It was narrowed to accommodate a wider road shoulder. **B)** It was extended to form a continuous walkway along the street. **C)** It was removed and replaced with a grassy median. **D)** It was repaved with a dark asphalt material.,B,B,b,True,Multiple Choice
750,"In the northern center portion of the images, what change has occurred regarding the paved road surface?  **A)** An existing paved road was removed and replaced with trees. **B)** A new paved cul-de-sac has been constructed where there was previously forest. **C)** A paved road was narrowed to accommodate a new sidewalk. **D)** The paved surface was removed to prepare for a large building foundation.",B,B,b,True,Multiple Choice
751,Has a new residential building been constructed in the southeastern quadrant of the area that was previously undeveloped land with vegetation?,Yes,Yes,yes,True,Yes/No
752,"Has a new building been constructed in the upper-central portion of the area, situated on the northern side of the diagonal road that leads into a cul-de-sac?",Yes,Yes,yes,True,Yes/No
753,"What change can be observed at the site located along the straight section of the road, just south of where it begins to curve?  **A)** An existing building was demolished. **B)** A new house was constructed on a previously vacant lot. **C)** The building's roof was changed from dark to light. **D)** A swimming pool was added to the backyard of an existing house.",B,B,b,True,Multiple Choice
754,"Has a new residential building been constructed in the northwestern section of the area, replacing what was previously undeveloped land?",Yes,Yes,yes,True,Yes/No
755,Has a new residential building been constructed on the previously empty land located to the west of the main diagonal road?,Yes,Yes,yes,True,Yes/No
756,"What change has occurred along the eastern edge of the road in the upper right portion of the image, just north of the roundabout?  **A)** A new sidewalk has been constructed. **B)** The sidewalk has been removed to create a drainage ditch. **C)** A sound wall has been built along the sidewalk. **D)** The sidewalk has been replaced with a gravel path.",A,B,b,False,Multiple Choice
757,"In the southeastern portion of the apartment complex, have several trees grown or been planted in the open spaces between the residential buildings and the internal parking lots?",Yes,Yes,yes,True,Yes/No
758,"Looking at the area located inside the circular road on the left side of the second image, what major change occurred between the two time periods?  **A)** A large building was demolished, leaving only an empty lot. **B)** A new house was constructed on what was previously undeveloped land. **C)** The existing building underwent significant expansion and a roof replacement. **D)** A cluster of trees was planted around a pre-existing structure.",B,B,b,True,Multiple Choice
759,"Looking at the middle-right section of the area, what development has occurred between the time the first and second images were taken?  **A)** A new house has been constructed. **B)** A house was demolished to create open space. **C)** A large community park was established. **D)** A new intersection was paved.",A,A,a,True,Multiple Choice
760,"In the western portion of the image, adjacent to the main road running diagonally, what change has occurred at the site that was previously an empty cleared lot?  **A)** A building was demolished. **B)** A new house was constructed. **C)** A tennis court was removed. **D)** The area was converted into a parking lot.",B,D,d,False,Multiple Choice
761,"Has a large, rectangular building been constructed on the previously vacant lot located south of the curved road intersection and west of the parking lot access road?",Yes,Yes,yes,True,Yes/No
762,"In the southwest portion of the image, what notable change has occurred between the two time periods?  **A)** A previously standing structure has been demolished. **B)** A new residential building has been constructed on a formerly vacant lot. **C)** A large paved parking lot has been added to the area. **D)** A dense patch of trees has been cleared for a community park.",B,B,b,True,Multiple Choice
763,"In the backyard of the house located in the center-left portion of the residential area, what change has occurred to the vegetation between the two images?  **A)** A tree was removed. **B)** A tree has grown or was planted. **C)** The lawn was converted into a gravel garden. **D)** A large hedge was trimmed down.",B,B,b,True,Multiple Choice
764,"What change occurred to the building located in the west-central section of the area, situated along the residential street?  **A)** It was demolished. **B)** It was newly constructed. **C)** It underwent a roof replacement. **D)** It remained unchanged.",B,D,d,False,Multiple Choice
765,"In the front yard of the house located on the southern side of the curved residential street, has a small, sparse tree grown into or been replaced by a much larger, denser green tree?",Yes,Yes,yes,True,Yes/No
766,"Looking at the northwest area of the images, what change has occurred regarding the building at that location?  **A)** A building was demolished. **B)** A building was newly constructed. **C)** The building's roof color was changed. **D)** A large extension was added to an existing building.",B,B,b,True,Multiple Choice
767,"Has a new building been constructed in the southern portion of the image, in an area that was previously occupied by vegetation?",Yes,Yes,yes,True,Yes/No
768,"Has the large body of water located on the eastern side of the north-south road been drained and replaced with a dry, brown field?",Yes,Yes,yes,True,Yes/No
769,"In the upper-central portion of the residential neighborhood, has a tree grown and become much more prominent in the front yard of a house, specifically situated next to the driveway?",Yes,Yes,yes,True,Yes/No
770,"Has a tree been planted or significantly grown in size in front of the house located in the southern part of the image, specifically near the driveway of the second residence from the right edge?",Yes,Yes,yes,True,Yes/No
771,"In the bottom center of the images, along the eastern edge of the road leading into the cul-de-sac, what change has occurred to the sidewalk area?  **A)** A paved sidewalk was newly constructed. **B)** The sidewalk was narrowed to allow for a wider road. **C)** A previously existing sidewalk was removed and replaced with vegetation. **D)** The sidewalk was converted into a gravel walking trail.",A,A,a,True,Multiple Choice
772,"What change can be observed regarding the building located in the lower-left section of the image, situated just to the east of the main north-south road?  **A)** The original building was demolished and replaced by a larger, more modern residence. **B)** The building was converted into a paved parking lot for the surrounding neighborhood. **C)** A large swimming pool was installed in the backyard of the original house. **D)** The building was replaced with a small community playground and park area.",A,A,a,True,Multiple Choice
773,How can the overarching relationship between these two temporal captures be best characterized?  **A)** Significant global alteration across the scene **B)** High degree of visual parity and scene consistency **C)** Moderate structural reorganization and temporal deviation **D)** Substantial variance in the holistic composition,B,B,b,True,Multiple Choice
774,"Looking at the bottom-right corner of the images, what change occurred to the tree visible in the first image after the area was developed?  **A)** It was preserved as part of a new backyard garden. **B)** It was removed and replaced by a residential building. **C)** It was relocated to a nearby park area. **D)** It was replaced by a paved parking lot.",B,D,d,False,Multiple Choice
775,"In the southeastern section of the residential area, has a tree been newly planted or grown significantly near the edge of the driveway on the far right?",Yes,Yes,yes,True,Yes/No
776,"Looking at the residential street, what change has occurred at the third lot from the top on the left side of the road?  **A)** A new house has been constructed. **B)** The existing house was demolished. **C)** A large garage was added to the property. **D)** The land was converted into a community park.",A,B,b,False,Multiple Choice
777,"In the northwestern portion of the image, has the tree located in the front lawn of the second house from the top, adjacent to the north-south road, grown significantly larger and developed a more prominent canopy?",Yes,Yes,yes,True,Yes/No
778,Has a new residential building been constructed in the north-eastern corner of the area?,Yes,Yes,yes,True,Yes/No
779,"Has the segment of the sidewalk in the top-left corner of the image, situated along the edge of the property, been demolished?",Yes,Yes,yes,True,Yes/No
780,What change has occurred to the sidewalk area in the bottom right corner of the images as the surrounding land was developed?  **A)** A paved sidewalk was constructed where there was previously unpaved ground. **B)** The existing sidewalk was demolished and replaced with a dirt path. **C)** The sidewalk was widened to become a multi-lane bike path. **D)** The sidewalk was removed to allow for the installation of a large drainage ditch.,A,A,a,True,Multiple Choice
781,"Is there a newly constructed building in the southeastern portion of the area, situated at the end of a residential cul-de-sac?",Yes,Yes,yes,True,Yes/No
782,Has the tree in the front yard of the house located in the middle of the row facing the northern street grown significantly in size?,Yes,Yes,yes,True,Yes/No
783,"Looking at the center of the images, west of the primary road, what change occurred to the small building originally standing there?  **A)** It was renovated into a larger residential house. **B)** It was demolished to make way for a parking lot. **C)** It was moved to a different location on the same plot. **D)** It was surrounded by new foliage and trees.",B,B,b,True,Multiple Choice
784,"In the center-left portion of the imagery, situated along the southern edge of the curving roadway, what change has occurred regarding the vegetation at that specific location?  **A)** A tree was planted. **B)** An existing tree was demolished. **C)** The vegetation was thinned out. **D)** A tree was relocated to the nearby forest.",A,B,b,False,Multiple Choice
785,"Has the tree located on the far left edge of the image, specifically in the front yard of the house at the westernmost end of the residential street, been removed?",Yes,Yes,yes,True,Yes/No
786,What change has occurred in the central part of the area shown between the two images?  **A)** A large commercial building was demolished. **B)** A new residential building was constructed on what was previously undeveloped land. **C)** An existing house was expanded with a new wing. **D)** A new road was paved through the center of an established neighborhood.,B,B,b,True,Multiple Choice
787,"In the lower-central portion of the image, south of the winding dirt path, has a new large residential building been constructed in a formerly wooded area?",Yes,Yes,yes,True,Yes/No
788,"Along the inner curve of the road in the middle-left section of the area, has a new paved sidewalk been constructed?",Yes,Yes,yes,True,Yes/No
789,"Between the first and second images, what change has occurred to the area of land located along the outer curve of the residential street, adjacent to the forest?  **A)** A house was demolished and replaced with a green space. **B)** A new residential building was constructed on a previously empty lot. **C)** The area was converted into a paved parking lot for the neighborhood. **D)** The land was cleared of trees but remains undeveloped.",B,B,b,True,Multiple Choice
790,Has the small building located in the northeastern corner of the residential block been demolished?,Yes,Yes,yes,True,Yes/No
791,"Has a paved sidewalk been newly constructed along the edge of the road in the west-central portion of the image, where there was previously unpaved ground?",Yes,Yes,yes,True,Yes/No
792,"In the front yard of the house located at the inner curve of the road, south of the circular parking area and the community pool, what change has occurred between the two images?  **A)** A tree has been removed. **B)** A tree has appeared or grown significantly. **C)** A new driveway has been paved. **D)** A fence has been installed around the property.",B,B,b,True,Multiple Choice
793,"Focusing on the bottom right corner of the scene, what primary change has occurred between the two images?  **A)** A large building was demolished and replaced with a garden. **B)** A new residential building has been constructed on previously vacant land. **C)** The existing building has had its roof color changed from green to grey. **D)** An old structure was renovated and expanded with a new wing.",B,B,b,True,Multiple Choice
794,"In the northeast corner of the image, adjacent to the road, has a new building been constructed?",Yes,Yes,yes,True,Yes/No
795,"In the northeastern quadrant of the area, has a new rectangular building with a white roof and rooftop utility units been constructed on what was previously an open, grassy field?",Yes,Yes,yes,True,Yes/No
796,"What change is visible in the eastern part of the area, specifically where a house now stands at the end of the residential street?  **A)** A building was demolished to create an open field. **B)** A new house was constructed on previously undeveloped land. **C)** The existing house underwent a major roof renovation. **D)** A large garden was replaced by a paved driveway.",B,B,b,True,Multiple Choice
797,"In the upper-right quadrant of the images, what change can be observed regarding the swimming pool in the backyard of the house located just west of the north-south road?  **A)** A swimming pool was newly constructed. **B)** The swimming pool was removed. **C)** The swimming pool was replaced with a larger one. **D)** A cover was placed over the swimming pool.",B,B,b,True,Multiple Choice
798,What change has occurred regarding the building in the bottom right corner of the area between the first and second images?  **A)** A building was demolished. **B)** A new building was constructed. **C)** The building's roof was changed. **D)** An existing building was expanded.,B,B,b,True,Multiple Choice
799,"On the west side of the central north-south road, has a new house been constructed in the area that was previously covered by a small cluster of trees?",Yes,Yes,yes,True,Yes/No
800,Has a new house been constructed on the previously undeveloped land in the north-central portion of the area?,Yes,Yes,yes,True,Yes/No
801,"Has the large, green tree situated in the front yard of the residence on the eastern side of the street, towards the northern end of the image, been removed?",Yes,Yes,yes,True,Yes/No
802,"Has a new residential building been constructed in the central portion of the image on what was previously undeveloped, barren land?",Yes,Yes,yes,True,Yes/No
803,What change occurred at the location in the southwest corner of the image?  **A)** A new house was constructed on previously undeveloped land. **B)** An existing residential structure was demolished. **C)** The roof of the building was replaced with a different material. **D)** A small shed was expanded into a larger residential building.,A,B,b,False,Multiple Choice
804,What change occurred to the swimming pool in the backyard of the house located at the northernmost end of the residential cul-de-sac?  **A)** A swimming pool was constructed. **B)** A swimming pool was demolished. **C)** The swimming pool was significantly enlarged. **D)** The swimming pool was relocated to the front yard.,A,B,b,False,Multiple Choice
805,"Looking at the bottom-left corner of the image, what change has occurred to the property?  **A)** A new building has been constructed. **B)** The existing building was demolished. **C)** A swimming pool was installed. **D)** The building's roof was replaced with a different material.",A),A,a,True,Multiple Choice
806,"What change can be observed in the area located north of the long, light-colored buildings in the bottom right corner of the image?  **A)** A building was demolished. **B)** A new building has been constructed. **C)** A swimming pool was installed in the yard. **D)** The area was cleared to create a paved parking lot.",B,D,d,False,Multiple Choice
807,Has the unpaved trail in the upper right quadrant of the image been replaced by a paved road and residential housing?,Yes,Yes,yes,True,Yes/No
808,"In the front yard of the house at the far right end of the residential street, what change has occurred between the two images?  **A)** A large tree was removed. **B)** A tree has been planted or has grown significantly. **C)** A driveway was constructed over the existing tree. **D)** The tree was replaced by a large shed.",B,B,b,True,Multiple Choice
809,"What change can be observed regarding the tree in the backyard of the house located in the bottom-left corner of the image?  **A)** The tree was completely removed to make space for a deck. **B)** The tree was replaced by a small storage shed. **C)** The tree grew significantly, with its canopy becoming much larger and denser. **D)** The tree died and was replaced with a new, smaller sapling.",C,C,c,True,Multiple Choice
810,"In the right-hand portion of the landscape, how has the trail seen in the first image been modified in the second image?  **A)** It was replaced by the construction of a multi-lane road. **B)** It was converted into a permanent waterway for irrigation. **C)** It was obscured by the growth of dense shrubs and bushes. **D)** It was transformed into a parking lot for a nearby facility.",A,A,a,True,Multiple Choice
811,"In the yard of the property located at the corner in the bottom right of the image, what change occurred regarding the tree?  **A)** It was planted. **B)** It was removed. **C)** It was replaced by a driveway. **D)** It was moved to the opposite side of the house.",A,B,b,False,Multiple Choice
812,"In the open field located to the east of the residential neighborhood, what change can be observed regarding the cluster of trees in that specific area?  **A)** New saplings have been planted throughout the field. **B)** The trees were cleared or removed from the site. **C)** A small shed was built amidst the trees. **D)** The trees have grown significantly taller and wider.",B,B,b,True,Multiple Choice
813,Is there any observable discrepancy in the global scene composition between these two images?,No,Yes,yes,False,Yes/No
814,Has a new residential building been constructed in the upper-left quadrant of the image on what was previously a vacant plot of land adjacent to the street?,Yes,Yes,yes,True,Yes/No
815,"Has the tree located in the front yard of the house, which is the third from the right edge in the second row from the top, grown significantly larger and denser?",Yes,Yes,yes,True,Yes/No
816,"Looking at the upper-left area of the terrain among the trees, what change has occurred to the small white structure between the two images?  **A)** It was expanded into a larger home. **B)** It was demolished. **C)** Its roof was painted a darker color. **D)** A new road was built directly over its location.",B,B,b,True,Multiple Choice
817,"Looking at the area near the center of the first image where a small white structure is visible next to some trees, what change has occurred in the second image?  **A)** The structure was removed to create a paved parking lot. **B)** The structure was demolished and a new residential house was built in its place. **C)** The structure was painted a different color but otherwise remained the same. **D)** The structure was preserved as an outbuilding for a newly constructed mansion.",B,A,a,False,Multiple Choice
818,"In the western section of the developed area, adjacent to a road and near a playground, has a new small rectangular building been constructed?",Yes,Yes,yes,True,Yes/No
819,What change occurred to the small building situated on the left side of the image?  **A)** It was moved to the center of the property. **B)** It was expanded and converted into a larger residence. **C)** It was demolished to make way for new housing development. **D)** It remained untouched while the surrounding land was cleared.,C,D,d,False,Multiple Choice
820,"Has a new sidewalk been constructed along the northern edge of the road that extends towards the top-right corner of the image, adjacent to the new residential development?",Yes,Yes,yes,True,Yes/No
821,"Looking at the northern portion of the area shown, what change is evident between the first and second images?  **A)** A building has been demolished. **B)** A new house has been constructed. **C)** A pond has been filled in. **D)** A road has been removed.",B,B,b,True,Multiple Choice
822,What change can be observed regarding the structure at the bottom center of the image?  **A)** A building was demolished. **B)** A new building has been constructed. **C)** The building's roof was replaced. **D)** The building was expanded.,B,B,b,True,Multiple Choice
823,"What change can be observed in the area south of the main road's curve, situated between the clusters of trees?  **A)** A house was demolished and replaced with a garden. **B)** A new residential building was constructed on the previously undeveloped land. **C)** A large pond was filled in and paved over. **D)** A dense forest was cleared to make way for a new road.",B,B,b,True,Multiple Choice
824,"Has the tree located near the center of the original landscape, situated just to the right of the prominent vertical white path, been removed following the development of the residential neighborhood?",Yes,Yes,yes,True,Yes/No
825,"In the upper right section of the images, what change can be observed regarding the cul-de-sac and the connecting road?  **A)** The road was completely removed and replaced with vegetation. **B)** The light-colored road surface was repaved with a darker material. **C)** The road was widened, and additional parking spots were added. **D)** A new roundabout was built to replace the dead-end cul-de-sac.",B,D,d,False,Multiple Choice
826,Has a paved sidewalk been constructed along the eastern edge of the curved road in the southeast corner of the image?,Yes,Yes,yes,True,Yes/No
827,"Has a small, rectangular swimming pool been added in the backyard of the house in the bottom right quadrant of the image, situated adjacent to a larger swimming pool?",Yes,Yes,yes,True,Yes/No
828,Is there any observable discrepancy in the scene composition between the two images?,No,Yes,yes,False,Yes/No
829,"In the top-center area of the image, north of the pre-existing white-roofed building, has a new large structure with a grey and tan roof been constructed on what was previously an empty construction site with a visible foundation?",Yes,Yes,yes,True,Yes/No
830,"Has the tree in the front yard, located to the right of the driveway of the house in the lower-middle section of the image, been removed?",Yes,Yes,yes,True,Yes/No
831,"Has a new sidewalk been constructed along the far eastern edge of the area, adjacent to the newly developed street in the center-right portion of the image?",Yes,Yes,yes,True,Yes/No
832,Has a paved sidewalk been constructed at the southwest corner of the intersection in the residential neighborhood?,Yes,Yes,yes,True,Yes/No
833,"At the street corner in the northeast portion of the image, what change occurred to the sidewalk?  **A)** It was demolished to make way for the road. **B)** It was newly constructed. **C)** It was narrowed to increase the size of the residential lot. **D)** It was painted to mark a new pedestrian crossing.",B,C,c,False,Multiple Choice
834,What change occurred to the road running through the central part of the area?  **A)** A paved road was constructed where there was previously a dirt path. **B)** An existing paved road was removed and replaced with a forest. **C)** A dirt road was narrowed to become a small footpath. **D)** The paved road was demolished and replaced with a gravel pit.,A,A,a,True,Multiple Choice
835,Has the small building located in the southwestern corner of the image been demolished?,Yes,Yes,yes,True,Yes/No
836,"Looking at the eastern side of the north-south running street, just south of the intersection, what change occurred to the sidewalk?  **A)** A new segment of sidewalk was constructed. **B)** A section of the sidewalk was demolished. **C)** A bus stop was installed on the sidewalk. **D)** The sidewalk was replaced with a grassy verge.",A,A,a,True,Multiple Choice
837,"In the northeast corner of the residential area, has a new house been constructed on the previously vacant lot along the road?",Yes,Yes,yes,True,Yes/No
838,"What change occurred to the land in the eastern part of the neighborhood, south of the main horizontal road?  **A)** A new residential building was constructed. **B)** An existing house was demolished to make room for a park. **C)** A large swimming pool was installed in a backyard. **D)** The area was converted into a paved parking lot.",A,A,a,True,Multiple Choice
839,What has happened to the trail located in the grassy area south of the diagonal road in the upper half of the images?  **A)** It was widened and paved. **B)** It was relocated closer to the main road. **C)** It was demolished and replaced by a building and parking lot. **D)** It was converted into a landscaped garden.,C,C,c,True,Multiple Choice
840,"In the southwestern section of the residential area, has a large tree with a dense green canopy grown or been added to the front yard of the property situated along the curved segment of the road?",Yes,Yes,yes,True,Yes/No
841,"Looking at the area alongside the main road running horizontally through the upper portion of the images, what change has occurred to the sidewalk?  **A)** A new sidewalk was constructed. **B)** The sidewalk was completely demolished and replaced with grass. **C)** The sidewalk was narrowed to make room for an additional traffic lane. **D)** The sidewalk was painted with a new bike lane indicator.",A,C,c,False,Multiple Choice
842,"Looking at the bottom-left corner of the images, what change can be observed regarding the status of a building in that area?  **A)** A building was demolished and replaced with a park. **B)** A building was constructed where there was previously only vegetation and bare ground. **C)** An existing building was renovated with a new roof color. **D)** A building was enlarged through a side addition.",B,B,b,True,Multiple Choice
843,"In the lower-middle part of the images, what change has occurred regarding the swimming pool?  **A)** It was newly constructed. **B)** It was removed and replaced with vegetation. **C)** It was converted into a residential structure. **D)** It was significantly enlarged.",A,B,b,False,Multiple Choice
844,"In the lower-left area of the scene, adjacent to the road, how has the sidewalk changed between the two images?  **A)** A new sidewalk was constructed. **B)** The existing sidewalk was demolished and replaced with grass. **C)** the sidewalk was narrowed to make room for an additional road lane. **D)** The sidewalk's path was straightened to run parallel to the road.",A,A,a,True,Multiple Choice
845,"In the northern section of the open field, situated in the upper-central portion of the clearing, what change can be observed regarding the tree at that location?  **A)** A tree was added. **B)** A tree was removed. **C)** A tree was pruned to a much smaller size. **D)** There was no change to the tree's appearance.",A,D,d,False,Multiple Choice
846,"What change occurred to the building located in the northwestern section of the property, to the west of the central parking lot?  **A)** It was demolished to make way for a parking lot. **B)** It was newly constructed. **C)** Its roof was replaced with a different material. **D)** It was converted into a green space.",B,B,b,True,Multiple Choice
847,"Focusing on the northwest corner of the area, what major change can be observed between the two images?  **A)** A dense forest was planted to cover the open land. **B)** A new residential building was constructed on previously vegetated land. **C)** A large parking lot was paved over a grassy field. **D)** An old house was demolished and replaced with a community park.",B,B,b,True,Multiple Choice
848,"What change occurred to the small feature in the bottom-left corner of the image, near the junction of the roads?  **A)** A small structure was built on previously empty ground. **B)** A large residential house was completed. **C)** The existing building was completely removed. **D)** The area was converted into a paved parking lot.",A,A,a,True,Multiple Choice
849,Has a new concrete sidewalk been constructed at the northwest corner of the residential street intersection located in the lower-left quadrant?,Yes,Yes,yes,True,Yes/No
850,Has a concrete sidewalk been newly constructed along the curve of the road in the southwestern portion of this developed residential neighborhood?,Yes,Yes,yes,True,Yes/No
851,"What happened to the tree located along the sidewalk of the main road, between the two large apartment buildings near the center of the image?  **A)** It was significantly pruned. **B)** It was removed. **C)** It was replaced by a small monument. **D)** It grew a denser canopy.",B,B,b,True,Multiple Choice
852,"Has the small building situated in the northeast section of the residential cluster, at the end of the curved access road, been demolished?",Yes,Yes,yes,True,Yes/No
853,"In the bottom right corner of the images, what change occurred to the sidewalk?  **A)** A new sidewalk was constructed. **B)** The existing sidewalk was removed and replaced with grass. **C)** The sidewalk was narrowed to accommodate a wider road. **D)** A brick wall was built on top of the sidewalk.",A,C,c,False,Multiple Choice
854,"Has a new building been constructed in the southern part of the image, situated south of the dark horizontal boundary and east of the large unpaved area?",Yes,Yes,yes,True,Yes/No
855,"Looking at the northwest corner of the area, what happened to the tree that was originally present there?  **A)** It was removed to facilitate the construction of a house. **B)** It was preserved as part of a backyard garden. **C)** It grew larger and now provides shade for the nearby road. **D)** It was replaced by a new sidewalk.",A,A,a,True,Multiple Choice
856,"Looking at the area in the central-right portion of the images, what change is observed regarding the tree that was initially present?  **A)** It was incorporated into the backyard of one of the new houses. **B)** It was removed as the land was developed for residential housing. **C)** It grew significantly larger between the two time periods. **D)** It was replaced by a cluster of smaller ornamental bushes.",B,B,b,True,Multiple Choice
857,"Has a new house been constructed in the southern section of the image, located along the western side of the vertical road?",Yes,Yes,yes,True,Yes/No
858,"Focusing on the area in the lower right quadrant of the image, east of the central north-south road, what is the nature of the change observed at that specific site?  **A)** A new building has been constructed. **B)** A building has been completely demolished. **C)** An existing building has been significantly expanded. **D)** The roof of a building has been repainted or reshingled.",A,B,b,False,Multiple Choice
859,"Has a swimming pool been constructed in the southern portion of the property, situated just north of the building complex?",Yes,Yes,yes,True,Yes/No
860,"Has a tree been planted or grown significantly in the backyard of the house located in the lower-left quadrant of the image, on the western side of the main road?",Yes,Yes,yes,True,Yes/No
861,"Has the road_paved in the central and southern parts of the image been significantly expanded into a wider, multi-lane highway system with large concrete pavement areas?",Yes,Yes,yes,True,Yes/No
862,"Has a new building been constructed in the lower right quadrant of the image, situated at the corner of the residential street intersection?",Yes,Yes,yes,True,Yes/No
863,"Looking at the middle section of the imagery, between the open field and the large industrial building, what change has occurred regarding the paved road?  **A)** A paved road has been constructed where there was previously undeveloped land. **B)** A paved road has been demolished and replaced with soil. **C)** An existing paved road has been narrowed to create more green space. **D)** The paved road has been converted into a gravel path.",A,A,a,True,Multiple Choice
864,"In the northeast corner of the image, what change has occurred to the tree in the backyard of the house?  **A)** It was removed. **B)** It has grown significantly larger. **C)** It was replaced by a swimming pool. **D)** It was converted into a treehouse.",A,B,b,False,Multiple Choice
865,"In the upper-right quadrant of the image, on the eastern side of the north-south residential street, has a new house been constructed where there was previously only bare ground?",Yes,Yes,yes,True,Yes/No
866,"Has a new sidewalk been constructed in the mid-left portion of the image, bordering the edge of the residential development?",Yes,Yes,yes,True,Yes/No
867,What change occurred at the site located directly north of the horizontal road near the center of the images?  **A)** A new residential building was constructed. **B)** An existing building was completely demolished. **C)** The building's roof was replaced with a different material. **D)** The site was converted into a paved parking lot.,A,A,a,True,Multiple Choice
868,"In the northwest corner of the images, what change can be observed regarding the small body of water?  **A)** It was replaced by foliage. **B)** It expanded significantly in size. **C)** It dried out and became a patch of bare soil. **D)** It was replaced by a small concrete structure.",A,C,c,False,Multiple Choice
869,"Has a new residential building been constructed in the northwestern quadrant of the area, replacing the previously undeveloped land and vegetation?",Yes,Yes,yes,True,Yes/No
870,"In the front yard of the house located at the southwest corner of the three-way intersection, what change has occurred regarding the tree?  **A)** The tree was completely removed and replaced with grass. **B)** A tree grew significantly or a larger one was planted. **C)** The tree was relocated to the back of the property. **D)** The tree was replaced by a stone monument.",B,B,b,True,Multiple Choice
871,Has a new residential building been constructed on the previously empty lot located in the eastern section of the area?,Yes,Yes,yes,True,Yes/No
872,What change has occurred in the northwest corner of the area shown in the images?  **A)** A building was demolished to make way for a road. **B)** A new residential building was constructed on previously undeveloped land. **C)** The vegetation in that area was cleared for farming. **D)** An existing building underwent a significant roof color change.,B,B,b,True,Multiple Choice
873,"Has a building with a grey roof been constructed in the top-central part of the site, replacing what was previously a cluster of trees?",Yes,Yes,yes,True,Yes/No
874,"What change can be observed regarding the building located in the southwest corner of the images?  **A)** A new building was constructed on a previously undeveloped lot. **B)** The building was demolished, leaving behind an empty field. **C)** The building's roof was completely replaced. **D)** A large extension was added to the rear of the building.",A,A,a,True,Multiple Choice
875,"Comparing the two images, what change is observed in the vegetation located in the front yard of the house situated in the center-right area of the neighborhood?  **A)** The tree has been removed and replaced with a paved driveway. **B)** The tree has matured and grown significantly in size. **C)** The tree was replaced by a new residential building extension. **D)** The tree has been removed to install a new circular swimming pool.",B,D,d,False,Multiple Choice
876,"Has a new residential building been constructed in the south-central portion of the neighborhood, situated within a row of houses that borders a tree-lined street?",Yes,Yes,yes,True,Yes/No
877,Is there any detectable anomaly in the overall scene composition between these two images?,No,No,no,True,Yes/No
878,"Has a new building been constructed in the southwestern portion of the image, south of the diagonal road, in an area that was previously covered by trees?",Yes,Yes,yes,True,Yes/No
879,"In the bottom center-right part of the image, at the end of the row of houses along the eastern side of the road, what change has occurred between the first and second images?  **A)** A new house was built where there was previously empty land. **B)** A house was completely removed. **C)** A paved parking lot was added. **D)** A small pond was excavated.",A,B,b,False,Multiple Choice
880,"Is there a newly constructed residential building in the eastern portion of the image, situated on the right side of the curving road, where there was previously undeveloped land?",Yes,Yes,yes,True,Yes/No
881,"Has the cluster of trees located at the end of the northern driveway, situated between the two residential structures in the upper-central portion of the image, been removed or cleared?",Yes,Yes,yes,True,Yes/No
882,Has a new segment of sidewalk been constructed along the northern edge of the road in the southwest corner of the image?,Yes,Yes,yes,True,Yes/No
883,"In the eastern section of the residential neighborhood, has the tree located in the front yard of the house on the northern side of the street been removed?",Yes,Yes,yes,True,Yes/No
884,"Looking at the area west of the white building in the northern section of the property, what change has occurred regarding a swimming pool?  **A)** The swimming pool was removed and filled with dirt. **B)** A new swimming pool was constructed. **C)** The swimming pool was covered by a new deck. **D)** The shape of the swimming pool was changed from rectangular to circular.",B,A,a,False,Multiple Choice
885,"In the northwest corner of the developed area, adjacent to a dark-roofed structure, has a light-colored shipping container been positioned where there was previously a smaller, dark object?",Yes,Yes,yes,True,Yes/No
886,How did the paved road infrastructure change throughout the area shown in the second image compared to the first?  **A)** Several paved roads were removed and replaced with vegetation. **B)** The existing paved roads were repainted with new lane markings. **C)** New paved roads were constructed where there was previously undeveloped land. **D)** The paved roads were converted into dirt paths.,C,C,c,True,Multiple Choice
887,"Has a body of water been formed, covering the central portion of the area shown in the image?",Yes,Yes,yes,True,Yes/No
888,"In the northwest corner of the area shown, what change can be observed between the two images regarding the transportation infrastructure?  **A)** A bike lane has been newly constructed. **B)** An existing bike lane was removed and replaced with a dirt path. **C)** A bike lane was converted into a sidewalk. **D)** The bike lane was repaved but its layout remained the same.",A,A,a,True,Multiple Choice
889,"Has a new building been constructed in the southwestern corner of the scene, replacing what was previously a wooded area?",Yes,Yes,yes,True,Yes/No
890,What development has taken place in the northwest corner of the region shown in the images?  **A)** A building was demolished. **B)** A new building was constructed. **C)** A parking lot was expanded. **D)** Vegetation was planted to create a buffer zone.,B,B,b,True,Multiple Choice
891,"Has the tree located in the northern section of the residential lot, situated just south of the rectangular pool area, been removed?",Yes,Yes,yes,True,Yes/No
892,"In the northwestern portion of the field, has a small tree or shrub newly appeared along the fence line that separates the open land from the residential backyards?",Yes,Yes,yes,True,Yes/No
893,"In the area on the middle-left edge of the images, what change is evident?  **A)** A building has been constructed where there was previously none. **B)** An existing structure has been completely removed. **C)** The area has been paved over to create a parking lot. **D)** A small garden has been replaced by a playground.",A,A,a,True,Multiple Choice
894,"In the middle-left section of the image, has a new residential building been constructed on land that was previously covered by dense forest?",Yes,No,no,False,Yes/No
895,"Has a new residential building been constructed in the middle-left portion of the image, replacing the previously undeveloped land and natural vegetation?",Yes,Yes,yes,True,Yes/No
896,"In the northern section of the residential area, has the small tree located in the backyard of the house near the boundary fence adjacent to the main road grown to have a much larger and more prominent canopy?",Yes,Yes,yes,True,Yes/No
897,"Looking at the road running from the bottom left toward the right side of the image, what change can be observed between the two periods?  **A)** The unpaved road was removed to make room for a new forest. **B)** The road was paved and transformed into a residential street with sidewalks. **C)** The existing road was widened to accommodate a six-lane highway. **D)** The road was permanently closed and became overgrown with natural vegetation.",B,B,b,True,Multiple Choice
898,"In the northwest corner of the area shown, what change has occurred to the sidewalk along the street?  **A)** It was demolished. **B)** It was newly constructed. **C)** It was narrowed to widen the road. **D)** It was repaved with a darker material.",B,B,b,True,Multiple Choice
899,What change can be observed regarding the parking lot in the upper-left corner of the image?  **A)** A parking lot was newly constructed. **B)** An existing parking lot was removed and replaced with trees. **C)** The parking lot was significantly expanded from its original size. **D)** The parking lot was converted into a temporary construction site.,A),B,b,False,Multiple Choice
900,"Has a new residential building been constructed in the north-central section of the imagery, replacing what was previously undeveloped land?",Yes,Yes,yes,True,Yes/No
901,"In the front yard of the northernmost house in the row of residences, has the small tree seen during the construction phase grown into a mature tree?",Yes,Yes,yes,True,Yes/No
902,"Has a new building been constructed on the previously vacant lot in the top-left quadrant of the image, adjacent to the road?",Yes,Yes,yes,True,Yes/No
903,Has a new residential building been constructed on the previously vacant plot of land in the southwestern corner of the cul-de-sac?,Yes,Yes,yes,True,Yes/No
904,Is there any observable discrepancy in the overall scene composition between the two captures?,No,Yes,yes,False,Yes/No
905,"Looking at the central and southern sections of the images, what change has occurred regarding the paved road?  **A)** An existing paved road was completely demolished and overgrown with vegetation. **B)** A new paved road was constructed where there was previously forest and undeveloped terrain. **C)** A narrow dirt trail was widened but remains unpaved. **D)** No changes are visible in the road infrastructure within this area.",B,D,d,False,Multiple Choice
906,"What change has occurred to the property located at the northern end of the cul-de-sac, bordering the main road at the top of the images?  **A)** The house was demolished, leaving an empty lot. **B)** A new house was constructed on the previously vacant lot. **C)** A swimming pool was added to the backyard of the house. **D)** The property was converted into a small community park.",B,B,b,True,Multiple Choice
907,"Has a new building been constructed in the upper right portion of the image, situated to the north of the large residence with the white-rimmed pool?",Yes,Yes,yes,True,Yes/No
908,"Has a new building been constructed in the bottom-left corner of the area, replacing the previous vegetation?",Yes,Yes,yes,True,Yes/No
909,Has a newly constructed sidewalk been added along the edge of the road in the southwestern section of the image?,Yes,Yes,yes,True,Yes/No
910,Has a new building been constructed in the southwest corner of the image?,Yes,Yes,yes,True,Yes/No
911,Has a new building been constructed on the previously empty lot in the southeastern portion of the residential area?,Yes,Yes,yes,True,Yes/No
912,"Looking at the residential area in the northwestern part of the images, what change has occurred to the swimming pool located in the backyard of one of the houses?  **A)** It was filled in and replaced with a lawn. **B)** It was newly constructed. **C)** It was expanded to include a hot tub. **D)** It was covered with a grey pool cover.",B,A,a,False,Multiple Choice
913,"Has a new building been constructed in the northwest corner of the area, where there was previously an empty field?",Yes,Yes,yes,True,Yes/No
914,"In the southern portion of the landscape, just north of the curved white walkway, has the small tree been removed to make way for residential development?",Yes,Yes,yes,True,Yes/No
915,"Has a new paved road been constructed in the northwestern part of the image, extending through the newly developed residential area?",Yes,Yes,yes,True,Yes/No
916,What change has occurred at the top center of the image between the first and second timestamps?  **A)** A building has been demolished. **B)** A building has been constructed. **C)** A new road has been paved in that specific spot. **D)** The area has been converted into a parking lot.,B,B,b,True,Multiple Choice
917,"Looking at the northeastern edge of the parking lot for the building with the prominent blue/purple roof, what change can be observed regarding the tree at that location?  **A)** It has been removed. **B)** It has grown significantly in size and foliage. **C)** It was replaced by a concrete walkway. **D)** It was trimmed to a much smaller size.",B,A,a,False,Multiple Choice
918,"In the northwest corner of the scene, has a larger residential building been constructed to replace the smaller structure?",Yes,Yes,yes,True,Yes/No
919,What change can be observed at the site located south of the cul-de-sac in the lower portion of the images?  **A)** A building was demolished. **B)** A new building was constructed. **C)** A large swimming pool was added. **D)** The existing building was expanded.,B,B,b,True,Multiple Choice
920,"Has a new residential house been constructed in the eastern section of the area, replacing what was previously vacant land?",Yes,Yes,yes,True,Yes/No
921,What change can be observed in the bottom left corner of the second image compared to the first?  **A)** A building was demolished. **B)** A new building was constructed. **C)** A forest was cleared. **D)** A road was paved over.,B,B,b,True,Multiple Choice
922,"Looking at the small landscape island in the center-right portion of the parking lot, what change occurred between the first and second image?  **A)** A new parking lane was added. **B)** A tree was planted. **C)** A light pole was removed. **D)** The area was paved over for more parking.",B,B,b,True,Multiple Choice
923,"Has a new sidewalk been constructed running parallel to the western edge of the main north-south road, located in the lower half of the image?",Yes,Yes,yes,True,Yes/No
924,"Based on a holistic comparison of the two captures, which statement best characterizes the overall scene consistency?  **A)** A high degree of visual parity and stability is maintained. **B)** There is a pronounced level of structural deviation. **C)** The images exhibit significant temporal fluctuation. **D)** A moderate degree of compositional variance is evident.",A,A,a,True,Multiple Choice
925,Has the tree located in the bottom-right corner of the scene been removed and replaced by a small white structure?,Yes,Yes,yes,True,Yes/No
926,"In the southeastern corner of the housing development, have several new residential buildings with gray roofs and green yards been constructed on what was previously an empty dirt lot?",Yes,Yes,yes,True,Yes/No
927,"In the bottom right corner of the images, what change has occurred to the site?  **A)** A residential building was demolished. **B)** A new house was constructed on previously undeveloped land. **C)** The existing building's roof was replaced with a different material. **D)** A small shed was removed to make room for a garden.",B,B,b,True,Multiple Choice
928,Has a small rectangular building or shed been constructed in the backyard of the residence located in the northeast corner of the image?,Yes,Yes,yes,True,Yes/No
929,"Focusing on the area along the far right edge of the frame, what is the nature of the change that occurred between the first and second images?  **A)** A pre-existing structure was demolished to clear the land. **B)** A new residential building was constructed. **C)** A large commercial parking lot was established. **D)** The land was converted into a public park with walking trails.",B,A,a,False,Multiple Choice
930,What change is observed for the property located in the middle of the block on the far right side of the images?  **A)** A building was newly constructed. **B)** A building was demolished. **C)** The building's roof was replaced with a different material. **D)** A large swimming pool was added to the backyard.,A,A,a,True,Multiple Choice
931,"In the northwestern corner of the image, has a new sidewalk been constructed alongside a recently built road?",Yes,Yes,yes,True,Yes/No
932,"In the front yard of the house located at the bottom center of the images, what change occurred to the tree situated near the sidewalk?  **A)** The tree was removed to clear space for landscaping. **B)** The tree grew significantly and its canopy became much denser. **C)** The tree was replaced by a fire hydrant. **D)** The tree was cut down and replaced with a flower bed.",B,A,a,False,Multiple Choice
933,"Has a tree been newly planted in the backyard of the residence located on the eastern side of the cul-de-sac, where there was previously only cleared ground?",Yes,Yes,yes,True,Yes/No
934,What change occurred to the swimming pool located in the southwest corner of the imagery?  **A)** It was demolished and replaced by a field. **B)** It was newly constructed as part of residential development. **C)** Its shape was modified from rectangular to kidney-shaped. **D)** It was filled in and paved over.,B,D,d,False,Multiple Choice
935,"Has a new paved multi-lane road been constructed in the left half of the area, curving from the top center down toward the bottom left corner?",Yes,Yes,yes,True,Yes/No
936,Has a tree appeared in the grassy area located between the circular parking loop and the cluster of portable buildings?,Yes,Yes,yes,True,Yes/No
937,"Has the tree situated in the front yard of the residence on the southern side of the curved street, near the driveway, increased significantly in size and canopy density?",Yes,No,no,False,Yes/No
938,"In the southeastern portion of the image, near the curved residential roads, what change occurred to the trail?  **A)** It was demolished. **B)** It was constructed. **C)** It was rerouted. **D)** It was widened.",B,B,b,True,Multiple Choice
939,"Has a new building been constructed in the central part of the area, just south of the cul-de-sac's turnaround, where there was previously dense forest?",Yes,Yes,yes,True,Yes/No
940,How would you characterize the relationship between these two temporal captures?  **A)** Significant structural transformation **B)** Pronounced scene-level divergence **C)** High degree of visual parity **D)** Moderate compositional fluctuation,C),C) High degree of visual parity,c,True,Multiple Choice
941,"In the northeast corner of the area shown, what change has occurred between the two images?  **A)** A building was demolished. **B)** A house was constructed. **C)** A new road was paved through a field. **D)** A forest fire cleared the vegetation.",B,B,b,True,Multiple Choice
942,"Has a multi-lane paved road system, including highway overpasses, been newly constructed across the previously undeveloped terrain in the central and upper sections of the image?",Yes,Yes,yes,True,Yes/No
943,"Looking at the lot in the lower-left portion of the central residential block, how has it changed between the two images?  **A)** A building was demolished to create a vacant lot. **B)** A new residential building was constructed on the previously vacant lot. **C)** The area was paved over to create a parking lot. **D)** A dense patch of forest was planted on the site.",B,B,b,True,Multiple Choice
944,"Has a new building been constructed in the upper-right quadrant of the residential area, situated on the north side of the inner street?",Yes,No,no,False,Yes/No
945,"In the western portion of the image, along the southwestern edge of the road intersection, has a new sidewalk been constructed?",Yes,Yes,yes,True,Yes/No
946,What notable change has occurred to the property located on the middle-right edge of the imagery?  **A)** An existing building was demolished. **B)** A new building has been constructed. **C)** The roof of an existing building was changed from black to grey. **D)** The area was cleared of structures to create a park.,B,A,a,False,Multiple Choice
947,"Near the top of the image, what major development has taken place regarding the road infrastructure?  **A)** A paved road was constructed. **B)** A paved road was demolished. **C)** The road was narrowed and converted into a dirt path. **D)** A bridge was built over the existing road.",A,A,a,True,Multiple Choice
948,Has a paved road featuring a circular cul-de-sac been constructed in the northern section of the image?,Yes,Yes,yes,True,Yes/No
949,"In the northwestern portion of the image, near the main road intersection, what change can be observed regarding the sidewalk?  **A)** It was demolished to make way for a new road lane. **B)** It was newly constructed where there was previously only unpaved land. **C)** It was relocated further away from the road edge. **D)** It was widened and repaved with darker material.",B,D,d,False,Multiple Choice
950,"In the lower right quadrant of the image, what change has occurred at the location where a house now stands?  **A)** A residential building has been constructed on previously empty land. **B)** An existing structure has been demolished to make room for a lawn. **C)** The color of the roof has been changed from dark to light. **D)** A paved driveway has been replaced with a gravel one.",A,A,a,True,Multiple Choice
951,"What change can be observed in the upper center of the images, just west of the curved section of the road?  **A)** A building was demolished to create open space. **B)** A new building was constructed where there was previously vegetation. **C)** A swimming pool was installed in an existing yard. **D)** A paved parking lot was added to a residential property.",B,B,b,True,Multiple Choice
952,"In the eastern section of the parking area, within one of the designated landscaping islands, what change is observed regarding the tree between the two images?  **A)** It was removed to increase parking capacity. **B)** It has been newly grown. **C)** It was relocated from the western side of the building. **D)** It has been replaced by a utility pole.",B,A,a,False,Multiple Choice
953,"In the southeastern portion of the image, has a residential building been constructed at the end of a cul-de-sac where there was previously only open land?",Yes,Yes,yes,True,Yes/No
954,Has a tree been planted in the front yard of the house located on the inner side of the road's curve in the southern portion of the image?,Yes,Yes,yes,True,Yes/No
955,"In the northwestern section of the developed residential area, what change has occurred to the lot located along the straight road?  **A)** A building was constructed on previously vacant land. **B)** An existing building was demolished. **C)** A large extension was added to an existing house. **D)** The land was converted into a public park.",A,A,a,True,Multiple Choice
956,What change has occurred to the area located at the bottom left corner of the scene?  **A)** A building has been constructed. **B)** A building has been demolished. **C)** A pond has been filled with soil. **D)** A forest has been cleared for a road.,A,A,a,True,Multiple Choice
957,What change occurred to the tree located in the northwest corner of the initial landscape?  **A)** It was incorporated into the backyard of a new home. **B)** It was cleared for the construction of a residential road and sidewalk. **C)** It was replaced by a commercial building. **D)** It was preserved and remains in its original location.,B,B,b,True,Multiple Choice
958,"Has the tree located on the left side of the field, roughly midway between the top and bottom edges, been removed?",Yes,Yes,yes,True,Yes/No
959,"Looking at the upper-left corner of the first image, what change has occurred to the tree in that specific location when comparing it to the second image?  **A)** It has been removed to accommodate a new building. **B)** It has been preserved as part of a new park. **C)** It was replaced by a paved driveway. **D)** It was moved to the edge of the parking lot.",A,A,a,True,Multiple Choice
960,"In the upper-middle part of the image, situated along the western edge of the main road and adjacent to a backyard with a swimming pool, what change has occurred to the vegetation?  **A)** Several mature trees have appeared or grown significantly where there was previously sparse vegetation. **B)** The existing trees were removed to allow for a home extension. **C)** A large garden bed was replaced with a paved patio area. **D)** The grassy area was cleared to make room for a new side street.",A,A,a,True,Multiple Choice
961,"Has a new swimming pool been constructed in the backyard of the residence located in the south-central portion of the neighborhood, just west of the unpaved trail?",Yes,Yes,yes,True,Yes/No
962,"Looking at the bottom-left corner of the image, what change can be observed between the two timeframes?  **A)** A building was demolished and the area was cleared. **B)** A new building was constructed on the vacant lot. **C)** The area was converted into a public park with new trees. **D)** A parking lot was paved over the existing vegetation.",B,A,a,False,Multiple Choice
963,"What change can be observed in the front yard of the house located in the lower-middle part of the images, near the street?  **A)** The trees have been cut down. **B)** A new swimming pool was installed. **C)** The vegetation has grown significantly. **D)** The front lawn was replaced with gravel.",C,B,b,False,Multiple Choice
964,Has a newly constructed swimming pool appeared on the southern side of the large residential building in the lower half of the image?,Yes,Yes,yes,True,Yes/No
965,"In the northeast corner of the images provided, what change can be observed regarding the sidewalk?  **A)** A pre-existing sidewalk was demolished and replaced with trees. **B)** A sidewalk was newly constructed where there was previously only vegetation. **C)** An existing sidewalk was widened to double its original width. **D)** The sidewalk was moved several meters to the west.",B,B,b,True,Multiple Choice
966,"Focusing on the bottom-left area of the image, what change has occurred between the two time periods regarding the structures in that location?  **A)** A residential building was demolished. **B)** A new building was constructed on previously undeveloped land. **C)** An existing building underwent a major roof renovation. **D)** A building was moved from another location.",B,A,a,False,Multiple Choice
967,"Looking at the right side of the area shown in these images, what major change has occurred between the two time periods?  **A)** A large building complex has been constructed where there was previously an open field. **B)** An existing warehouse has been completely demolished to clear the land. **C)** The area has been converted from a parking lot into a natural meadow. **D)** A new multi-lane highway has been built across the vacant lot.",A,A,a,True,Multiple Choice
968,"What change occurred to the tree located on the eastern side of the image, along the grassy strip between the residential fence and the sidewalk?  **A)** It was removed. **B)** It was planted. **C)** It was replaced with a utility pole. **D)** It was damaged by a storm.",B,A,a,False,Multiple Choice
969,"Looking at the central area of the images, what transformation has taken place over time?  **A)** A building has been constructed on previously vacant land. **B)** A pre-existing building was demolished to make way for a road. **C)** A large group of trees was cleared to create a parking lot. **D)** The area was converted from a residential zone to a dense forest.",A,A,a,True,Multiple Choice
970,"Has a new building been constructed in the northwest corner of the area, where there was previously only vacant land?",Yes,Yes,yes,True,Yes/No
971,"Looking at the area in the northern part of the image, above the horizontal road, what change has occurred between the two time periods?  **A)** A row of new residential houses has been constructed. **B)** A large commercial warehouse has been built. **C)** An existing housing development was demolished to clear land. **D)** A dense forest has grown over previously cleared land.",A,C,c,False,Multiple Choice
972,"Looking at the area north of the teal-roofed building, what happened to the tree that was originally located near the dirt path?  **A)** It was removed during construction. **B)** It was replaced with a larger deciduous tree. **C)** It was preserved and a fence was built around it. **D)** It was moved to the center of the new parking lot.",A,A,a,True,Multiple Choice
973,What has happened to the tree located in the parking lot south of the central building?  **A)** It was replaced by a new building. **B)** It was removed. **C)** It was planted in a previously empty space. **D)** It grew significantly taller.,B,B,b,True,Multiple Choice
974,"Has a new residential building been constructed in the upper-middle section of the image where there was previously only an open, undeveloped field?",Yes,Yes,yes,True,Yes/No
975,What change occurred in the bottom-center portion of the landscape between the two images?  **A)** An existing residential building was demolished. **B)** A new house was constructed on previously vegetated land. **C)** The roof of a house was replaced with a different material. **D)** A large swimming pool was installed in an existing backyard.,B,B,b,True,Multiple Choice
976,"Focusing on the southern side of the main road, directly adjacent to the parking lot at the bottom of the images, what change occurred to the sidewalk area?  **A)** The sidewalk was removed and replaced with grass. **B)** A new sidewalk was constructed where there was previously an unpaved strip. **C)** A row of street lights was installed along the sidewalk. **D)** The sidewalk was widened to accommodate a bicycle lane.",B,B,b,True,Multiple Choice
977,"What change can be observed regarding the walkway leading from the street to the house on the northern side of the road, located in the left-central portion of the images?  **A)** It was widened into a two-lane path. **B)** It was removed and replaced with trees or shrubbery. **C)** It was repaved with dark asphalt. **D)** It was extended to connect with the adjacent property's driveway.",B,B,b,True,Multiple Choice
978,"Has a new residential building been constructed in the western portion of the neighborhood, located on the southern side of the road that curves across the middle of the area?",Yes,Yes,yes,True,Yes/No
979,"In the upper-left quadrant of the images, what change occurred to the tree that was originally situated there?  **A)** It was removed. **B)** It has grown significantly. **C)** A building was constructed in its place. **D)** It was replaced by a small garden.",A,A,a,True,Multiple Choice
980,"In the lower-left portion of the image, along the edge of the residential street, what change has occurred to the sidewalk?  **A)** It was newly constructed. **B)** It was demolished and replaced with grass. **C)** It was widened to improve pedestrian access. **D)** It was repainted with bright yellow safety markings.",A,C,c,False,Multiple Choice
981,Has the sidewalk at the street corner in the southern section of the neighborhood been extended to continue along the adjacent roadway?,Yes,Yes,yes,True,Yes/No
982,"Looking at the area in the northwest corner near the main road, what happened to the small structure that was originally present?  **A)** It was renovated and kept as a small shed for the new property. **B)** It was removed to allow for the construction of a larger residential house. **C)** It was surrounded by a newly built park and playground. **D)** It remained untouched throughout the land development process.",B,B,b,True,Multiple Choice
983,"Looking at the narrow courtyard between the two parallel white building wings on the left side of the complex, what change has occurred to the tree that was located there?  **A)** It was cleared. **B)** It was recently planted. **C)** It was replaced by a small storage shed. **D)** It was surrounded by a new paved walkway.",A,A,a,True,Multiple Choice
984,"Is there a new building constructed in the upper-left quadrant of the area, situated next to the newly developed road?",Yes,No,no,False,Yes/No
985,"In the bottom-left corner of the image, what change has occurred regarding the sidewalk?  **A)** A new sidewalk was constructed as part of residential development. **B)** An existing sidewalk was demolished and replaced with grass. **C)** The sidewalk was widened into a bike path. **D)** The sidewalk was removed to expand the adjacent driveway.",A,A,a,True,Multiple Choice
986,"Has a new building been constructed in the northeast quadrant of the image, at the corner of the intersection where there was previously a wooded area?",Yes,No,no,False,Yes/No
987,"Running vertically through the center of the images, what change can be observed regarding the trail?  **A)** It was formally constructed and paved. **B)** It was removed to make way for more residential housing. **C)** It was widened into a two-lane asphalt road. **D)** It was abandoned and has become overgrown with vegetation.",A,D,d,False,Multiple Choice
988,"In the southeastern section of the property, has the large, dense tree situated between the two small white-roofed buildings been removed?",Yes,Yes,yes,True,Yes/No
989,"Has a new section of sidewalk been constructed along the street on the eastern edge of the residential block, extending the existing walkway in front of the property?",Yes,Yes,yes,True,Yes/No
990,"What has happened to the vegetation in the lower-left corner of the images, along the edge of the path?  **A)** New shrubs have been planted. **B)** The trees and shrubs have been cleared. **C)** The vegetation has changed color due to seasonal changes. **D)** A structure was built where the vegetation used to be.",B,B,b,True,Multiple Choice
991,"In the bottom right corner of the images, what change has occurred to the athletic field over time?  **A)** The field has been expanded to include a second baseball diamond. **B)** The athletic field has been replaced by a paved parking lot. **C)** The natural grass surface was replaced with artificial turf. **D)** A large building was constructed on the site of the field.",B,C,c,False,Multiple Choice
992,"In the lower-right section of the area, at the corner where the road curves, has a new building been constructed on the previously vacant plot?",Yes,Yes,yes,True,Yes/No
993,"Looking at the northeast corner of the area, what change is observed between the first and second image?  **A)** An existing building was demolished. **B)** A new house was constructed on previously empty land. **C)** The roof of the house was replaced with a different material. **D)** A large swimming pool was added to the property.",B,B,b,True,Multiple Choice
994,Has a new sidewalk segment been constructed at the street corner in the lower-right quadrant of the residential neighborhood?,Yes,Yes,yes,True,Yes/No
995,Has the sidewalk in the central part of the residential street become partially obscured by a tree canopy that has grown significantly?,Yes,Yes,yes,True,Yes/No
996,Has a new tree been planted in the front yard of the house located at the southeastern corner of the residential block?,Yes,Yes,yes,True,Yes/No
997,"In the residential area adjacent to the curved road, have trees been planted on the property bordering the street in the center-right portion of the image?",Yes,Yes,yes,True,Yes/No
998,Has a swimming pool been newly constructed in the southeast corner of the residential area?,Yes,Yes,yes,True,Yes/No
999,"Has a tree been planted in the backyard of the house located in the northeastern corner of the residential block, near the intersection of the two roads?",Yes,Yes,yes,True,Yes/No
1000,What change occurred to the athletic field located in the center of the image?  **A)** It was converted into a pond. **B)** It was replaced by a new building. **C)** It was paved over for a parking lot. **D)** It was updated with artificial grass.,A,A,a,True,Multiple Choice
